job_description,job_desig,key_skills,company_name_encoded,exp_lower,exp_upper,location_type_tier_one,location_type_tier_two,salary_final
69.62301312984589,41.28315618775863,97.06072596406254,268.0,2.0,3.0,0.0,1.0,5.959999999999998
112.19501440743142,174.55673217773438,151.3791776436847,4120.0,7.0,12.0,1.0,0.0,18.93999999999999
88.01776746210331,32.31879164619992,155.24779100669545,3341.0,4.0,9.0,1.0,0.0,17.469999999999995
88.01776746210331,22.99415270487468,158.92043511072794,3603.0,1.0,3.0,0.0,1.0,8.925
117.44448773679323,194.84905218123455,130.40093650342897,4049.0,10.0,12.0,1.0,0.0,18.069999999999993
52.68565813700357,147.23328257096,249.58324432373047,1993.0,5.0,10.0,1.0,0.0,14.475
88.01776746210331,80.44516122511898,98.34774443588684,449.0,5.0,10.0,0.0,1.0,15.620000000000001
83.36651281206288,22.46481577555339,115.86133440335593,2319.0,1.0,4.0,1.0,0.0,12.795
48.422303083740786,51.86238288879394,13.677375735035938,4817.0,2.0,5.0,1.0,0.0,7.275000000000004
88.01776746210331,35.147016322783514,83.87802954724368,64.0,0.0,5.0,0.0,1.0,6.235000000000002
76.03634195208241,12.112415867159143,16.089832221041434,459.0,1.0,3.0,1.0,0.0,7.930000000000004
99.65205534244889,181.41187976192057,131.0669832125617,313.0,8.0,10.0,1.0,0.0,13.14
74.10194704619545,90.82932602226113,74.95459361428705,621.9999999999998,2.0,5.0,0.0,1.0,4.585000000000001
46.86675803677646,23.963308334350586,176.23812958724255,910.0,3.0,6.0,1.0,0.0,6.825000000000001
88.18982351658633,81.91301066350813,87.47541486324431,3724.0,7.0,12.0,0.0,1.0,22.949999999999996
36.79103134801759,6.058137148405265,31.18759066855999,1713.0,5.0,10.0,0.0,1.0,19.53499999999999
18.0746020632796,2.0209581727006736,29.897173245747886,1002.0,10.0,20.0,1.0,0.0,27.700000000000003
68.44103032878289,46.971766153971345,28.253855265211314,4061.0,16.0,22.0,1.0,0.0,30.079999999999995
88.01776746210331,139.54828077815668,62.6615876108796,3469.0,2.0,5.0,0.0,1.0,6.420000000000007
88.01776746210331,105.93961079915366,86.47143571288325,3743.0,1.0,5.0,0.0,1.0,8.605
88.01776746210331,155.19137969337558,93.08903332348564,1682.0,6.0,9.0,1.0,0.0,16.19
88.01776746210331,31.601111094156906,70.19030262017623,782.0,1.0,2.0,1.0,0.0,3.4650000000000016
88.01776746210331,156.64763054034358,151.64940875329194,3910.0,2.0,7.0,1.0,0.0,9.134999999999998
88.01776746210331,134.952206905776,90.67303609404765,190.0,2.0,5.0,1.0,0.0,7.905000000000001
88.01776746210331,55.790553027327405,38.658935551454,191.0,3.0,8.0,1.0,0.0,13.125
88.01776746210331,69.69790027748483,102.483349875547,2447.0,4.0,8.0,0.0,1.0,13.8
42.40388352191077,21.315503120422363,43.16706684185192,2218.0,5.0,10.0,1.0,0.0,16.595000000000002
55.493757307219006,11.607861518859863,69.7500925717274,3945.0,4.0,9.0,0.0,1.0,15.31
147.26317723592126,77.22861369450888,103.04634769757591,3535.0,3.0,8.0,1.0,0.0,13.17
88.01776746210331,3.1011581420898438,14.934591452280678,2840.0,2.0,5.0,0.0,1.0,7.555000000000003
89.32624580823662,33.19958051045736,81.63272539774576,85.0,10.0,15.0,0.0,1.0,22.11499999999999
49.40010607242584,123.58754518160521,92.51892383132751,3608.0,2.0,5.0,1.0,0.0,9.739999999999998
107.4561333458405,111.67072828587456,60.30840235252981,783.0,5.0,10.0,1.0,0.0,17.844999999999995
80.77284221847852,105.53364753723145,59.574007987976074,1300.0,4.0,8.0,1.0,0.0,13.205
88.01776746210331,72.25562334060669,32.82582859198253,3955.0,0.0,5.0,0.0,1.0,8.135000000000005
81.49977515374,92.65264272689821,123.42836062113443,1305.0,10.0,14.0,1.0,0.0,19.50999999999999
40.83073633276703,1.281494061307356,51.0066032409668,5019.0,15.0,22.0,1.0,0.0,29.099999999999994
52.71397829055786,53.39801457400122,30.624324202653952,1699.0,4.0,7.0,1.0,0.0,14.18
96.50178503458542,36.03350115275437,67.04839770712472,3872.0,23.0,30.0,1.0,0.0,31.299999999999986
88.01776746210331,269.0715154012044,269.0715154012044,4518.0,2.0,7.0,1.0,0.0,8.520000000000003
51.38978163401286,15.471708574720346,22.47370843639753,1969.0,8.0,12.0,0.0,1.0,26.33
88.01776746210331,22.45385055042182,132.4488359144501,1631.0,0.0,5.0,1.0,0.0,12.77
113.62991248024628,112.83623793181809,65.29162774483363,883.9999999999998,6.0,11.0,1.0,0.0,24.629999999999995
105.59977341260188,77.41011182467145,18.3689376640056,1474.0,2.0,5.0,1.0,0.0,11.34
88.01776746210331,40.74897864484228,56.06044589852293,770.0,0.0,3.0,1.0,0.0,5.345000000000001
87.98491358757019,176.5845616658529,89.85637994095062,3908.0,0.0,5.0,1.0,0.0,9.475
88.01776746210331,224.01316960652667,21.091548520295568,2781.0,0.0,2.0,1.0,0.0,8.935000000000002
62.465295544825494,56.18792690123278,95.33655767979023,1210.0,5.0,10.0,1.0,0.0,14.370000000000001
45.844834188271,2.2461879513381717,76.20305142918369,4811.0,0.0,5.0,0.0,1.0,5.43500000000001
88.86289937120941,174.55673217773438,116.16822853393387,446.0,3.0,8.0,1.0,0.0,10.055
52.67037294785647,25.812315940856934,91.5583074092865,2377.0,3.0,8.0,1.0,0.0,13.5
92.47302214304608,35.690577824910484,95.96832597647638,1969.0,4.0,6.0,1.0,0.0,12.205
71.74328394175974,25.919123052153736,85.99670518924542,1989.0,12.0,15.0,0.0,1.0,29.139999999999997
73.23192827170715,123.07155998423694,2.5009861177143904,1969.0,5.0,10.0,0.0,1.0,18.49499999999999
20.605157812436417,193.30209096272785,170.49533863707137,2339.0,5.0,9.0,1.0,0.0,16.015000000000004
88.01776746210331,48.96373748779297,114.92292933592884,2866.0,1.0,3.0,1.0,0.0,9.93
88.01776746210331,51.073380311330155,21.68965933669824,305.0,4.0,9.0,1.0,0.0,18.56999999999999
132.93762803077698,92.3594186703364,128.6783402048362,190.0,2.0,5.0,1.0,0.0,8.440000000000005
88.01776746210331,42.04084253239368,73.32192176157453,437.0,0.0,1.0,0.0,1.0,4.394999999999996
62.80655240019162,112.0113985443216,89.37530095378557,4426.0,3.0,6.0,1.0,0.0,10.124999999999998
123.64373053472565,232.58662581113944,51.51316888319949,1472.0,2.0,7.0,1.0,0.0,11.96
53.2836395543806,40.16319115956625,153.8935820261637,4854.0,4.0,7.0,1.0,0.0,9.385000000000002
138.80977912097782,32.405432065327965,142.38175937692483,1076.0,7.0,12.0,0.0,1.0,14.405
94.32348185352265,67.37526257832846,57.31992853494982,676.0,1.0,6.0,1.0,0.0,8.395000000000003
46.86675803677646,56.27460479736328,128.69265177093138,910.0,2.0,6.0,1.0,0.0,8.024999999999999
46.55282218106246,61.728549003601074,136.11974282927505,1988.0,7.0,10.0,0.0,1.0,14.27
95.52821295607524,1.0319312413533481,80.28408425016096,3218.0,2.0,6.0,1.0,0.0,12.52
88.01776746210331,72.34726178382212,27.476807040269094,4207.0,3.0,7.0,1.0,0.0,15.945000000000002
88.01776746210331,174.3144353230794,121.0835871073262,1352.0,4.0,9.0,0.0,1.0,13.965
51.56864921251933,11.607861518859863,67.34850754340489,261.0,5.0,8.0,1.0,0.0,10.384999999999998
85.91713706652322,53.054022789001465,137.20360183215234,500.0,2.0,3.0,1.0,0.0,6.189999999999996
70.64425921610868,109.27795681830807,126.15141660523174,4984.0,3.0,6.0,1.0,0.0,9.14
102.99319871191985,11.128580570220947,102.52548600935069,4272.0,8.0,11.0,1.0,0.0,19.12999999999999
88.01776746210331,79.88010644912718,18.390528971212916,1208.0,5.0,10.0,1.0,0.0,18.73499999999999
77.15006700406471,29.983369509379074,86.37789142606684,2607.0,3.0,5.0,1.0,0.0,11.02
51.58423980077107,42.00084877059757,42.00084877059757,2172.0,0.0,0.0,1.0,0.0,9.045000000000002
88.01776746210331,0.026532014211014143,0.04328057063200674,3141.0,1.0,2.0,1.0,0.0,5.145000000000005
187.58712906274013,164.17142550150552,37.65411529651222,911.0,12.0,15.0,1.0,0.0,29.35
117.41454406583216,114.9145643619704,61.65539026260376,4715.0,3.0,8.0,1.0,0.0,13.415
88.01776746210331,22.026773588489355,0.19240022132483148,1904.0,10.0,20.0,1.0,0.0,31.274999999999995
88.01776746210331,15.835336135933176,132.07596251935078,2795.0,0.0,4.0,1.0,0.0,12.67
80.47770855428098,28.71767679850261,109.22668342633793,3998.0,5.0,7.0,1.0,0.0,9.68
57.864484209858354,89.09565607706708,68.49154744995758,3536.0,8.0,13.0,1.0,0.0,28.369999999999994
81.3085194148395,32.405432065327965,110.82677755104365,4541.0,8.0,13.0,1.0,0.0,20.304999999999993
108.05452056592912,147.67191807428998,125.95561146736144,2742.0,5.0,8.0,1.0,0.0,12.135
88.01776746210331,24.358826113166288,53.051699201265976,1631.0,3.0,8.0,1.0,0.0,13.37
88.01776746210331,57.24723669336527,75.21455112534265,1500.0,10.0,20.0,0.0,1.0,27.96
97.76351347585053,71.38582865397134,3.00455712883074,4893.0,2.0,5.0,1.0,0.0,5.154999999999998
88.01776746210331,33.30526351928711,52.98016950061235,1958.0,2.0,7.0,0.0,1.0,11.715000000000002
118.85738411559336,84.84113326230727,18.384348333347596,4750.0,15.0,20.0,1.0,0.0,29.529999999999994
66.54819587808258,22.71773020426432,40.999184633255936,4893.0,7.0,10.0,1.0,0.0,15.815
97.56625407802252,69.8483149210612,31.987489966559217,4060.0,10.0,13.0,1.0,0.0,24.95499999999999
88.01776746210331,178.31980387369794,24.78592981642577,2143.0,3.0,7.0,1.0,0.0,17.074999999999996
63.355590899785355,99.09439086914062,87.61914086026081,4577.0,2.0,7.0,0.0,1.0,10.409999999999998
50.50570085295476,83.51480960845947,86.53097613520609,1969.0,10.0,12.0,0.0,1.0,18.064999999999994
18.748186634426624,95.411289196151,31.022080852320258,183.0,2.0,4.0,1.0,0.0,8.66
31.382264148366325,26.657531658808388,31.408631090259107,927.0,2.0,5.0,1.0,0.0,8.615000000000002
51.362788334275436,42.456664091635815,6.615007008076645,2719.0,1.0,6.0,1.0,0.0,12.069999999999999
102.74979905225337,61.81618751337132,79.11842913308647,772.0,3.0,6.0,0.0,1.0,6.185000000000003
88.01776746210331,0.026532014211014143,127.97099963524185,2283.0,1.0,6.0,0.0,1.0,13.51
84.88006867143366,58.93624623616536,92.22435289314795,3319.0,9.0,14.0,1.0,0.0,25.695
11.825428597512655,75.61663985252379,72.90099349969144,4136.0,4.0,6.0,1.0,0.0,11.625
55.683467785517394,189.9635950724284,8.3889921894297,2573.0,4.0,6.0,0.0,1.0,12.74
72.7639181675234,135.0191434224447,88.69346529245377,1970.0,5.0,10.0,0.0,1.0,14.225
46.69122534881657,4.019247622151553,134.21369342831895,864.0000000000002,4.0,6.0,1.0,0.0,6.505000000000004
88.01776746210331,183.4785737582327,137.16230859281495,3719.0,0.0,1.0,0.0,1.0,8.940000000000001
64.16325653772219,14.946695168813072,118.25145170053776,134.0,6.0,10.0,1.0,0.0,13.3
102.92639036973318,144.01645134785213,30.56469415811685,3931.0,14.0,18.0,1.0,0.0,28.749999999999993
86.57519871388406,90.7810768811032,162.2784473510289,2299.0,3.0,8.0,1.0,0.0,12.475
88.01776746210331,9.539476633896513,61.29095086683568,1694.0,9.0,14.0,0.0,1.0,28.660000000000004
102.99319871191985,110.90607047080994,102.52548600935069,4272.0,8.0,13.0,1.0,0.0,19.58999999999999
170.0878495137052,77.1841049194336,142.81624879137482,3319.0,4.0,8.0,1.0,0.0,12.73
68.09749806003917,171.55376655670503,152.31420853572976,3420.0,2.0,7.0,1.0,0.0,10.614999999999998
88.01776746210331,55.16890088717143,130.17430468656434,190.0,2.0,6.0,1.0,0.0,7.825000000000002
70.36205331484476,81.14153481680356,35.59819533838891,2603.0,0.0,5.0,1.0,0.0,8.335
59.88487638684698,6.470674282172695,58.5087302121489,526.0,4.0,5.0,1.0,0.0,7.845000000000004
61.59234877268318,13.90916469196479,95.98708461514131,3300.0,1.0,5.0,1.0,0.0,11.735
130.43847588863477,108.58694763786238,88.40069522460303,3382.0,12.0,14.0,1.0,0.0,28.929999999999993
60.26424566904704,55.75638135196641,8.944664398829147,1210.0,10.0,15.0,0.0,1.0,28.845000000000006
69.11576614559938,72.13112380413806,8.944471213423341,4365.0,9.0,14.0,1.0,0.0,26.11
88.01776746210331,71.35497370278851,75.20390988017122,1153.0,0.0,5.0,0.0,1.0,4.135000000000007
88.01776746210331,20.03854115804036,116.44257051909031,190.0,3.0,5.0,1.0,0.0,8.225000000000005
26.613366266246885,67.83966966468142,14.131163477820039,1730.0,3.0,7.0,1.0,0.0,13.834999999999999
53.023838226605825,21.11886342366536,27.913373795430132,4893.0,5.0,8.0,1.0,0.0,15.575000000000003
93.30829634758022,26.051372378909335,198.28425356536167,861.0,5.0,8.0,1.0,0.0,8.48
80.73506301104013,101.16343996148012,111.10231105437076,284.0,2.0,6.0,1.0,0.0,7.710000000000003
60.527608085976674,12.918084924846568,75.00307268007116,3319.0,4.0,9.0,1.0,0.0,18.444999999999993
114.67044635792264,67.41909399085368,109.39444889542452,2574.0,8.0,13.0,0.0,1.0,21.07999999999999
30.942490205537368,48.034628232320145,29.264416553390518,4971.0,0.0,3.0,0.0,1.0,7.695000000000004
103.26545455124383,62.643949190775565,89.01137430293603,873.0,3.0,5.0,1.0,0.0,6.285000000000002
71.74328394175974,25.919123052153736,58.829866462231934,1989.0,10.0,15.0,1.0,0.0,31.654999999999998
88.01776746210331,0.026532014211014143,29.835142806890268,190.0,3.0,4.0,1.0,0.0,8.625
118.8791538278262,313.2892608642578,136.2798585993005,1922.0,8.0,13.0,0.0,1.0,13.48
100.95628400643665,35.690577824910484,112.31746276219684,1724.0,7.0,12.0,1.0,0.0,17.084999999999994
95.82023862749338,124.36549002086393,32.231638065422885,301.0,3.0,6.0,1.0,0.0,12.745
90.28084157034756,7.703379474454167,49.61654006037861,4806.0,4.0,7.0,1.0,0.0,11.815
101.00093285242716,39.13241227467854,35.186362665444896,4733.0,7.0,10.0,1.0,0.0,16.25
93.97093057632445,175.1967112223307,130.17062346140546,2043.0,10.0,16.0,0.0,1.0,22.324999999999996
88.01776746210331,11.413367589314788,170.54008884006183,190.0,2.0,5.0,1.0,0.0,8.110000000000003
111.25092073149669,47.83777555373187,47.99175934555629,3114.0,9.0,14.0,1.0,0.0,26.974999999999994
99.18166498343149,16.451055547319505,101.40676663480312,1168.0,2.0,4.0,1.0,0.0,6.895000000000004
136.59351648918044,101.31228764851886,65.72751849501704,3002.0,8.0,10.0,1.0,0.0,15.850000000000001
107.73950020472208,167.35327641169232,84.70251262187956,1682.0,9.0,12.0,1.0,0.0,18.469999999999995
54.21739297453314,28.40472062428792,28.19818178152976,2764.0,1.0,6.0,0.0,1.0,16.794999999999998
88.01776746210331,124.05587762332287,124.05587762332287,1625.0,2.0,7.0,0.0,1.0,11.9
88.01776746210331,12.611350073711947,7.6829376203628925,860.0000000000002,5.0,7.0,1.0,0.0,10.785
72.14656273523967,93.0214994082538,152.40789190938813,858.0000000000002,8.0,13.0,0.0,1.0,14.850000000000001
73.23192827170715,123.07155998423694,2.5009861177143904,1969.0,5.0,10.0,0.0,1.0,18.49499999999999
118.244338487663,72.38743305206299,20.26242789967607,1058.0,2.0,7.0,1.0,0.0,15.24
56.43487400375306,250.27340253194168,106.7151838899008,1756.0,8.0,12.0,1.0,0.0,17.459999999999994
87.03259825706482,10.808697280784443,79.85718448956806,167.0,5.0,10.0,1.0,0.0,13.965
36.29869142945002,3.156884511311844,5.923307142074918,4318.0,2.0,4.0,1.0,0.0,5.090000000000002
9.381412208798181,101.9183983580054,14.11725168582052,171.0,5.0,9.0,1.0,0.0,17.734999999999992
82.5953483581543,11.607861518859863,92.14272391327542,783.0,7.0,10.0,0.0,1.0,15.31
80.33653582127349,25.90762960996168,53.66727146562578,783.0,5.0,10.0,1.0,0.0,16.99
116.6271240877298,24.117597912845675,77.3811711891843,837.0,1.0,2.0,1.0,0.0,3.5800000000000036
110.04986763000488,56.47052892260642,56.47052892260642,1349.0,5.0,10.0,1.0,0.0,16.580000000000002
68.56498540534328,102.74438858032228,112.25625505915863,2270.0,9.0,12.0,1.0,0.0,21.254999999999992
38.92957062150042,45.4687340068631,124.41776593526205,4108.0,2.0,7.0,1.0,0.0,11.305
88.01776746210331,114.20677547963957,17.01603753996703,4756.0,10.0,15.0,0.0,1.0,27.019999999999996
64.11766796760882,143.54587395985922,195.47810402000323,4774.0,0.0,3.0,1.0,0.0,7.255000000000006
105.2676416933537,122.30542397519457,159.83212385326627,4528.0,4.0,8.0,1.0,0.0,10.734999999999998
56.367002842792616,135.36196949135046,61.07214368142498,3076.0,8.0,10.0,0.0,1.0,16.280000000000005
81.45022658864036,40.441402823974684,20.640968779722847,1372.0,10.0,16.0,1.0,0.0,27.45000000000001
116.53985827385138,2.5659686109672037,45.375969484060384,4470.0,8.0,10.0,1.0,0.0,12.445
73.90272219975789,16.034452157327905,60.280710567167255,3582.0,4.0,6.0,0.0,1.0,11.685
118.19634960071804,176.16658761010814,15.002101761395657,883.9999999999998,6.0,9.0,1.0,0.0,19.03999999999999
70.22123619365932,66.30921369263281,89.99470061341223,2039.0,3.0,8.0,0.0,1.0,13.36
98.25865386398316,66.83900657420357,112.08643897698497,1086.0,3.0,5.0,1.0,0.0,8.225000000000001
80.6402713060379,20.23531198501587,0.04328057063200674,381.9999999999998,4.0,9.0,0.0,1.0,17.914999999999992
88.01776746210331,34.8305344581604,17.666731930027417,3693.0,0.0,2.0,0.0,1.0,6.900000000000003
55.91771869779526,59.67288017272949,73.04872326500724,2199.0,7.0,12.0,1.0,0.0,22.429999999999993
70.17356157302856,129.39909947987567,110.02823158546562,2809.0,3.0,8.0,0.0,1.0,12.305
135.56290467580158,32.405432065327965,68.97475209552796,4541.0,7.0,10.0,0.0,1.0,11.53
84.03450013429392,39.5379344622294,4.965628186861679,2650.0,2.0,4.0,1.0,0.0,5.535000000000004
73.63583644231159,64.39296944081434,17.204639618285,1305.0,4.0,6.0,1.0,0.0,13.2
91.63649208882515,125.13571882415516,41.58165205056624,4934.0,3.0,8.0,1.0,0.0,13.465
88.01776746210331,121.81291977564491,61.0543492223466,190.0,1.0,5.0,1.0,0.0,7.255000000000004
87.66191204388934,49.10126073106464,24.33242659899406,1069.0,8.0,12.0,1.0,0.0,27.625
63.355590899785355,99.09439086914062,87.61914086026081,4577.0,2.0,7.0,0.0,1.0,10.409999999999998
128.77705047527948,163.84051209509684,115.09061318477808,3998.0,5.0,10.0,0.0,1.0,18.984999999999992
74.7319056924122,26.007617960567586,28.141331959826246,3347.0,5.0,10.0,1.0,0.0,19.49999999999999
88.01776746210331,21.37261927127838,56.578631420658596,4793.0,1.0,4.0,1.0,0.0,5.785000000000006
28.578691945585888,50.87598304768714,22.816670342581354,3292.0,2.0,3.0,1.0,0.0,9.260000000000002
88.01776746210331,48.05721607481246,45.73165789721922,191.0,6.0,8.0,1.0,0.0,12.295
42.9759293794632,84.05365617363714,32.27673475630581,2222.0,5.0,10.0,1.0,0.0,19.08999999999999
88.01776746210331,1.9861224136548117,53.01437278006537,4847.0,0.0,1.0,0.0,1.0,4.865000000000007
77.68404316108597,155.63069979349768,94.59427744150162,1904.0,10.0,12.0,1.0,0.0,17.529999999999994
29.82757801849705,114.77825384548244,109.68112661600269,3498.0,1.0,5.0,1.0,0.0,10.619999999999997
75.07504196364606,1.1254866917928013,37.5292247358099,3275.0,11.0,14.0,1.0,0.0,29.45
27.827700074218825,42.09580151558233,81.63189093271893,1155.0,2.0,6.0,1.0,0.0,8.92
2.648581385741025,39.56965815038226,126.57045920689902,4035.0,0.0,3.0,1.0,0.0,8.230000000000004
88.01776746210331,71.35497370278851,75.20390988017122,1153.0,0.0,5.0,0.0,1.0,4.135000000000007
88.01776746210331,146.90852959950766,123.94604753499151,190.0,1.0,3.0,1.0,0.0,6.75
88.01776746210331,109.08027771123064,132.92475339840166,190.0,3.0,6.0,1.0,0.0,7.825000000000002
138.54730824629468,134.51794808594664,48.38037917700907,498.0,1.0,2.0,1.0,0.0,6.454999999999999
147.38210649714648,157.60715293775624,108.4150250768289,1969.0,7.0,12.0,1.0,0.0,16.919999999999995
63.6327346165975,4.6965837478637695,72.76126933866179,4426.0,1.0,4.0,1.0,0.0,4.935000000000011
56.142324463386714,10.0084426528459,97.97504254966043,669.0,5.0,9.0,1.0,0.0,16.74
88.01776746210331,137.14678608618368,159.6324469524006,1356.0,0.0,0.0,1.0,0.0,8.240000000000002
88.01776746210331,78.55077197018545,150.79277631205818,2289.0,10.0,15.0,1.0,0.0,24.324999999999996
88.01776746210331,25.594989458719894,14.684049288431815,3719.0,2.0,7.0,0.0,1.0,13.37
88.01776746210331,172.27194422108974,160.971200466156,5010.0,6.0,8.0,0.0,1.0,10.559999999999999
111.3028527906863,131.86738704098386,180.24757245972674,2188.0,3.0,6.0,1.0,0.0,11.129999999999999
88.01776746210331,57.65190124511719,62.77529671642697,3540.0,2.0,4.0,1.0,0.0,5.630000000000009
2.038453818871247,75.85305684478953,114.77094126991385,2020.0,2.0,7.0,0.0,1.0,12.32
88.01776746210331,68.13798233245811,21.288577715555824,3871.0,3.0,5.0,0.0,1.0,10.834999999999999
78.66740639631945,119.60225105285645,50.65118074417114,3319.0,2.0,4.0,1.0,0.0,7.2900000000000045
35.777766160693616,116.92386409267785,77.46089203283191,3331.0,3.0,5.0,1.0,0.0,8.945000000000002
187.3678179574199,177.71484355131787,138.83632519088374,1993.0,3.0,7.0,1.0,0.0,12.23
102.98744576866737,7.386016845703125,166.7690334914975,783.0,4.0,8.0,1.0,0.0,9.080000000000002
137.9873811992487,257.1619351704916,194.22162018017846,1058.0,4.0,8.0,1.0,0.0,9.799999999999997
118.85738411559336,84.84113326230727,7.650250138734307,4750.0,15.0,20.0,1.0,0.0,31.17999999999998
88.01776746210331,19.98990309269478,38.06663397408556,1691.0,1.0,5.0,1.0,0.0,11.405000000000001
80.97671544819605,10.874420454880848,136.03980479480623,580.0,6.0,11.0,0.0,1.0,13.305
99.145444528646,158.46225000277627,200.94930330912274,1373.0,2.0,4.0,0.0,1.0,8.93
88.01776746210331,37.18334981349472,93.07370980580649,1807.0,6.0,11.0,0.0,1.0,16.684999999999995
94.44029289467531,88.38103612263998,166.86987636397438,275.0,10.0,15.0,0.0,1.0,18.399999999999988
17.287968440117155,5.037396570696728,120.67846267988595,4061.0,4.0,6.0,1.0,0.0,10.555
110.67385378361601,56.47044976552327,103.49081953366596,191.0,4.0,8.0,1.0,0.0,10.539999999999996
30.53948084513347,25.308886947944607,120.41524971912924,3929.0,7.0,10.0,0.0,1.0,17.934999999999995
101.8824964761734,91.52548865919624,91.52548865919624,3612.0,4.0,9.0,0.0,1.0,19.359999999999992
124.10749480089486,165.9594622430935,176.64333546223742,2400.0,10.0,18.0,0.0,1.0,22.794999999999995
67.70977641766271,21.449589729309082,160.836321250099,3045.0,4.0,6.0,0.0,1.0,11.63
137.9178682963053,18.57426961263021,31.744581952807494,4765.0,5.0,10.0,1.0,0.0,16.42
66.44653040712001,54.18527799968918,88.09060255686441,4185.0,0.0,1.0,0.0,1.0,6.015000000000008
67.71122018496195,60.36188321207496,105.00043758778095,520.0,4.0,8.0,0.0,1.0,10.539999999999996
119.3292673745115,94.58989188666844,80.68471984527908,1969.0,8.0,12.0,1.0,0.0,17.984999999999992
88.01776746210331,22.513081549307877,13.951365152994796,2067.0,2.0,6.0,1.0,0.0,14.915
88.01776746210331,50.993919372558594,46.51287873663629,2987.0,2.0,3.0,1.0,0.0,5.980000000000004
86.55542307242285,39.83086982237485,112.75006232826854,4774.0,0.0,2.0,1.0,0.0,6.115000000000008
88.01776746210331,74.56550598144531,65.28685372613836,4286.0,2.0,7.0,1.0,0.0,10.844999999999999
109.14805021990709,8.44672559760511,89.6850061184523,4701.0,2.0,4.0,0.0,1.0,6.410000000000007
78.00129055976869,51.86238288879394,50.38659466275325,2186.0,2.0,5.0,1.0,0.0,10.435
84.88006867143366,30.104192097981766,124.65064162000394,1353.0,1.0,6.0,1.0,0.0,10.955000000000002
32.70446965082859,51.86238288879394,77.45799553813413,3835.0,1.0,6.0,0.0,1.0,10.02
88.01776746210331,2.85269419352214,3.7621317717518394,2630.0,0.0,0.0,1.0,0.0,4.960000000000003
88.01776746210331,37.011549533538826,90.38170274191845,4676.0,0.0,2.0,0.0,1.0,5.720000000000009
102.92639036973318,144.01645134785213,30.56469415811685,3931.0,8.0,13.0,1.0,0.0,25.074999999999996
131.78105658541122,44.29330825805664,173.6489748754441,2773.0,12.0,18.0,1.0,0.0,22.77499999999999
49.775564670562744,37.30193513232128,99.224826018326,4822.0,18.0,22.0,1.0,0.0,27.869999999999997
130.1720417456333,120.66509434274245,87.01513037279558,3458.0,10.0,11.0,1.0,0.0,25.3
88.01776746210331,6.245431622179851,113.7301964496146,2359.0,5.0,8.0,0.0,1.0,13.95
100.04779967663731,138.31600348154706,155.03686558392167,1756.0,8.0,12.0,1.0,0.0,14.29
81.0994590719929,66.85885985692342,103.50445906321207,2890.0,7.0,12.0,1.0,0.0,19.994999999999994
75.83548383360417,40.86939110735936,63.176301692146815,1970.0,6.0,10.0,0.0,1.0,16.290000000000003
108.12809263570671,94.44099664688109,200.4246595432051,3362.0,4.0,7.0,1.0,0.0,10.144999999999998
88.01776746210331,19.224202632904053,41.805185424163945,364.0000000000002,2.0,3.0,1.0,0.0,6.839999999999999
119.81837967177854,133.31775665283206,101.35582781707248,2476.0,1.0,4.0,1.0,0.0,11.18
95.17856749613807,21.456400553385414,69.81051714198354,1935.0,3.0,8.0,1.0,0.0,13.12
88.01776746210331,12.120999610609331,47.27461361180757,3732.0,2.0,4.0,0.0,1.0,6.725000000000002
103.49353666824754,66.03519618717353,63.557650032453225,4032.0,1.0,6.0,0.0,1.0,10.67
187.58712906274013,164.17142550150552,37.65411529651222,911.0,12.0,15.0,1.0,0.0,29.35
121.44131251370709,0.026532014211014143,4.470919879107285,3458.0,8.0,13.0,1.0,0.0,29.544999999999995
105.3365132616212,104.78795741413099,106.17339257878484,1072.0,9.0,13.0,0.0,1.0,18.11499999999999
88.01776746210331,109.08027771123064,120.9072241287989,190.0,2.0,5.0,1.0,0.0,8.825000000000003
90.8642245728212,78.38710149129231,7.759575049082443,4347.0,5.0,10.0,1.0,0.0,17.459999999999994
125.91907779375714,34.6469521522522,111.08088791370392,1149.0,2.0,7.0,1.0,0.0,10.319999999999997
8.261109509233691,26.99784833648664,109.21354258898646,4474.0,0.0,0.0,1.0,0.0,6.645000000000009
71.30077078860873,80.6867281595866,150.7404826678491,4487.0,2.0,4.0,1.0,0.0,8.96
68.7739372253418,30.36659595866999,161.14036486445306,995.0,4.0,7.0,1.0,0.0,10.274999999999997
88.01776746210331,302.6445401871266,81.79468179441756,190.0,2.0,4.0,1.0,0.0,5.029999999999998
79.95525101820628,165.1275634765625,153.06351582209268,825.0,3.0,5.0,0.0,1.0,7.145000000000003
88.01776746210331,17.38668282826741,93.58348295924469,1065.0,2.0,6.0,0.0,1.0,9.249999999999998
3.070915411808528,10.789539176039398,95.64026544491449,1965.0,1.0,3.0,1.0,0.0,9.564999999999998
88.01776746210331,79.95983759562175,68.71743899828289,475.0000000000002,0.0,2.0,0.0,1.0,4.619999999999996
41.47520301873252,8.697904497724565,16.974124343202384,2426.0,2.0,7.0,0.0,1.0,13.89
127.72486706574759,1.5570640563964844,107.47975095679672,1002.0,10.0,12.0,1.0,0.0,17.039999999999992
83.21003976743668,158.16856347761737,60.044141650238686,2884.0,10.0,15.0,0.0,1.0,30.724999999999998
13.026353012537584,33.98049712971745,42.5326799074052,3931.0,5.0,9.0,1.0,0.0,17.894999999999992
11.555876423760012,81.6287852881942,16.734635216804847,2046.0,0.0,0.0,1.0,0.0,9.774999999999999
104.27477008391486,81.89422289530438,121.6678042571099,1305.0,10.0,18.0,0.0,1.0,20.279999999999987
95.61683347080059,39.38872284585765,26.790864233043976,1988.0,4.0,8.0,1.0,0.0,17.229999999999997
87.31882211250195,94.01105563544357,141.54181364162162,720.0,2.0,7.0,1.0,0.0,8.515
124.11084699075823,176.5845616658529,33.245875438054405,191.0,8.0,10.0,1.0,0.0,17.554999999999993
86.40298544826996,102.25769446115008,29.658565113398552,2036.0,1.0,6.0,1.0,0.0,15.800000000000002
95.835422106029,33.19958051045736,24.545328206537917,2263.0,12.0,15.0,1.0,0.0,28.72500000000001
83.58214284574692,50.45985930676882,100.22370140147056,1154.0,1.0,3.0,1.0,0.0,6.320000000000001
59.67981437279377,41.16668701171875,50.557319323221854,280.0,10.0,15.0,1.0,0.0,26.575
71.93534213389891,134.70184008280438,87.05259958902997,686.0,13.0,15.0,1.0,0.0,23.514999999999993
63.58922223250072,138.82443343948879,113.64450852076212,2401.0,5.0,10.0,1.0,0.0,18.124999999999996
88.01776746210331,57.66494274139404,121.86202077233852,1054.0,6.0,10.0,1.0,0.0,13.795
70.27786374092102,87.2749472260087,114.53728874524435,2972.0,5.0,10.0,1.0,0.0,17.369999999999997
88.01776746210331,109.08027771123064,132.92475339840166,190.0,3.0,6.0,1.0,0.0,7.825000000000002
98.03868624003373,129.9565869228293,146.66069267956723,2978.0,2.0,6.0,1.0,0.0,12.309999999999999
57.864484209858354,89.09565607706708,68.49154744995758,3536.0,14.0,20.0,1.0,0.0,32.899999999999984
75.5631025977588,246.13183339436853,163.130517800649,1255.0,3.0,6.0,0.0,1.0,8.744999999999997
84.84526673952739,0.026532014211014143,150.13555629023662,190.0,1.0,4.0,1.0,0.0,6.974999999999999
72.78315623601276,16.99157555898031,83.11793915927409,2058.0,5.0,10.0,0.0,1.0,15.31
83.65005056063335,51.175307158155185,55.96663782392473,3458.0,6.0,11.0,0.0,1.0,28.79999999999999
9.153493742148086,8.697904497724565,25.51963677202972,547.0,1.0,6.0,0.0,1.0,15.790000000000003
88.94454638163248,5.79802831174068,5.79802831174068,4122.0,3.0,8.0,0.0,1.0,13.59
60.1463411624233,29.043744007746376,19.61786150932312,2914.0,4.0,6.0,1.0,0.0,14.735000000000001
40.66119779648337,51.70991590130142,115.48509969628262,1305.0,10.0,14.0,1.0,0.0,20.49499999999999
88.01776746210331,46.336237356687576,27.661342844173,1173.0,5.0,8.0,1.0,0.0,15.810000000000002
85.93435883522034,44.118552189320326,105.70078347154775,1398.0,2.0,5.0,0.0,1.0,10.059999999999999
88.01776746210331,5.557235081990555,136.49982446659124,3810.0,10.0,12.0,1.0,0.0,18.99499999999999
88.01776746210331,238.73163879422162,3.412578866118565,4995.0,2.0,4.0,0.0,1.0,5.004999999999999
51.38255568842092,53.14740343116379,104.4114179443568,422.0,4.0,8.0,1.0,0.0,10.539999999999996
81.35373299786201,71.90583149592081,108.27958080529542,2489.0,0.0,1.0,1.0,0.0,10.0
88.01776746210331,16.54980182647705,110.90698967163915,2418.0,1.0,5.0,0.0,1.0,13.16
39.866100100819786,1.995032822014764,18.26145888189786,3748.0,4.0,7.0,1.0,0.0,14.18
83.94854068756105,151.53609008508892,0.5413948441855609,1954.0,5.0,10.0,1.0,0.0,18.74499999999999
71.74328394175974,39.074291579891,85.1724925591043,1989.0,10.0,15.0,1.0,0.0,29.139999999999997
122.57193285622635,70.00137188782293,48.67646793524425,2475.0,19.0,25.0,1.0,0.0,30.9
88.01776746210331,68.31480662027995,38.89742793980986,1228.0,7.0,12.0,1.0,0.0,31.379999999999985
118.59304706255597,139.81182725789648,87.60176301002502,4036.0,0.0,2.0,0.0,1.0,5.940000000000008
100.20081023006544,26.051372378909335,161.88445542405438,2561.0,5.0,8.0,1.0,0.0,12.91
87.57602420907158,79.15536055855532,98.86303395032884,788.0,1.0,3.0,1.0,0.0,5.32
93.260956920858,94.42324638366699,30.46614329020182,5021.0,3.0,8.0,1.0,0.0,14.555
88.01776746210331,51.86238288879394,76.48642776766792,1064.0,8.0,13.0,0.0,1.0,21.284999999999993
56.09366410790244,38.574318091074616,107.01783498128256,1511.0,2.0,4.0,0.0,1.0,9.899999999999997
91.34664138158163,17.456465790261674,61.9206168643359,4272.0,6.0,11.0,1.0,0.0,22.139999999999993
103.56150540950087,110.64723874054228,24.61607058842977,2423.0,5.0,10.0,0.0,1.0,18.804999999999993
34.01041030883789,81.90925387122357,106.80175749682044,3275.0,5.0,10.0,1.0,0.0,21.854999999999997
75.72535872459413,34.242541249841445,69.8827185255747,3309.0,1.0,3.0,0.0,1.0,5.910000000000008
88.01776746210331,32.739085071564965,102.94591138760251,1054.0,3.0,6.0,1.0,0.0,9.29
77.14069883028668,62.610575093034036,116.45145559620384,4682.0,0.0,3.0,1.0,0.0,6.270000000000009
51.532867068332656,50.262883838634785,2.764442689173549,4107.0,1.0,2.0,1.0,0.0,4.095000000000002
88.01776746210331,109.08027771123064,103.23477187412209,190.0,2.0,5.0,0.0,1.0,7.675000000000003
42.13273880401782,93.79799991923694,56.47044976552327,2468.0,9.0,14.0,0.0,1.0,27.650000000000006
80.19802625252244,113.21225808448315,113.21225808448315,5019.0,3.0,7.0,0.0,1.0,10.249999999999998
88.01776746210331,18.614897364750504,149.8799939950307,3132.0,0.0,2.0,1.0,0.0,10.53
88.01776746210331,83.90351696677196,66.05221551241509,190.0,1.0,5.0,1.0,0.0,5.6149999999999975
88.01776746210331,79.8155122817358,166.71881295696951,191.0,5.0,9.0,1.0,0.0,13.07
74.38103504597774,81.11062928510364,96.90437192039094,3851.0,6.0,10.0,0.0,1.0,20.264999999999997
130.0115098017462,7.492282307551548,124.12599512669354,3319.0,5.0,10.0,1.0,0.0,17.904999999999994
70.91897779731273,60.07471084594727,67.03485635249915,1349.0,5.0,8.0,0.0,1.0,12.245000000000001
117.64763464767992,117.64763464767992,49.85638525783239,2475.0,3.0,8.0,1.0,0.0,13.649999999999999
63.97202014923096,65.35797119140625,70.92010880102559,910.0,2.0,5.0,1.0,0.0,3.600000000000005
66.74897174040478,44.24033164978028,94.34969007852487,2311.0,2.0,6.0,1.0,0.0,13.635
101.29938672083273,26.75746417711101,5.722183963068048,4426.0,2.0,7.0,1.0,0.0,11.594999999999999
27.269225253742967,25.75316797786703,88.60660394032797,1732.0,10.0,12.0,1.0,0.0,18.499999999999993
88.01776746210331,172.27194422108974,160.971200466156,5010.0,6.0,8.0,0.0,1.0,10.559999999999999
95.96509542607237,5.849301815032959,75.62404882822496,280.0,11.0,15.0,1.0,0.0,22.909999999999993
97.3500510895974,1.5570640563964844,132.34854567078094,779.0,10.0,18.0,0.0,1.0,17.679999999999996
104.14764950983226,125.32745202382404,92.94174362148622,681.0,5.0,7.0,1.0,0.0,8.805000000000001
51.116834237412455,30.255699157714844,71.94142242272693,4649.0,0.0,4.0,1.0,0.0,4.55500000000001
84.08269087473552,27.333831787109375,106.96930415579119,142.0,3.0,8.0,1.0,0.0,9.844999999999999
88.01776746210331,15.867623438437775,120.62286734580994,2944.0,5.0,7.0,1.0,0.0,11.67
62.42967828778396,100.35037421233329,73.56378138065337,962.0,7.0,10.0,1.0,0.0,15.850000000000001
130.5248036980629,199.9185227604661,138.8988508852587,2914.0,4.0,9.0,1.0,0.0,15.465000000000002
88.01776746210331,58.92772326866786,49.25362584587371,686.0,8.0,12.0,1.0,0.0,25.534999999999997
115.78277155349495,11.539618174235017,67.57634987588972,2762.0,4.0,9.0,1.0,0.0,16.73
76.81046426296234,16.71957678869755,59.58091292413883,1815.0,1.0,5.0,1.0,0.0,10.575
88.01776746210331,79.07568071144244,113.32928339640301,764.9999999999998,6.0,9.0,1.0,0.0,14.42
111.41048173109692,74.57727842350627,117.4364664038876,3319.0,3.0,5.0,1.0,0.0,13.665
69.75309196859597,16.501872208512694,128.36854397610296,4893.0,2.0,4.0,1.0,0.0,8.485000000000003
88.01776746210331,141.41462745028548,109.64049035683273,2481.0,5.0,8.0,1.0,0.0,13.54
133.6103559703285,136.71465056831948,146.0131009419759,789.0,5.0,7.0,0.0,1.0,8.440000000000001
88.01776746210331,109.08027771123064,127.8138521593064,190.0,3.0,6.0,0.0,1.0,7.480000000000004
46.89464934296362,51.86238288879394,78.2354291544228,2839.0,1.0,3.0,1.0,0.0,6.825000000000005
80.41503702182429,28.35255582249374,56.83504889081329,465.0000000000002,5.0,9.0,0.0,1.0,17.409999999999997
48.50347836812337,35.347216327985116,91.28731335513294,2591.0,3.0,8.0,1.0,0.0,12.97
105.40709616470848,153.20402719080445,107.07379976908365,1972.0,5.0,10.0,1.0,0.0,13.785
65.09466361991751,103.1737009684245,185.3662490864129,418.0,6.0,8.0,0.0,1.0,9.34
47.88294654160078,28.348533312479645,104.2224396330615,4412.0,6.0,10.0,1.0,0.0,18.709999999999997
88.01776746210331,28.71767679850261,28.71767679850261,4947.0,2.0,7.0,0.0,1.0,14.92
88.01776746210331,0.7428312674164772,67.81262063595932,2666.0,1.0,5.0,1.0,0.0,8.095000000000004
27.969571215119984,23.42308759689331,28.37032252379383,1013.0,3.0,5.0,1.0,0.0,11.075
55.91016057393669,98.50166288839924,99.10598559654318,2884.0,8.0,11.0,0.0,1.0,20.89999999999999
85.56551535924277,74.92993499521012,103.67063422357508,181.0,5.0,7.0,1.0,0.0,8.98
79.29580367247885,30.31221788478433,69.19327985669952,3576.0,3.0,5.0,1.0,0.0,6.475000000000007
88.01776746210331,95.9756145176167,150.21684616804126,1904.0,7.0,12.0,1.0,0.0,14.155
117.44448773679323,101.44468943277994,75.04774766275659,4051.0,12.0,16.0,1.0,0.0,25.580000000000002
88.01776746210331,1.6079637998094114,114.96010224024454,2956.0,8.0,12.0,1.0,0.0,18.75499999999999
29.635351812855028,158.14540331969818,6.963113617772862,4142.0,5.0,7.0,1.0,0.0,11.959999999999999
88.01776746210331,81.47051067984044,61.676958709479855,1725.0,0.0,2.0,0.0,1.0,8.175
10.667726843773082,12.727558612823486,101.08292610239005,1054.0,6.0,10.0,1.0,0.0,15.21
176.00982983907062,257.1619351704916,148.06604077942515,514.0,5.0,10.0,0.0,1.0,13.290000000000001
88.01776746210331,54.80765501658122,40.73569668495717,3130.0,2.0,4.0,1.0,0.0,6.715000000000004
25.157649832969284,40.74897864484228,46.515489241573974,436.0,5.0,8.0,0.0,1.0,12.295
88.01776746210331,121.81291977564491,61.0543492223466,190.0,2.0,5.0,1.0,0.0,7.255000000000004
80.95463514328003,39.56740697224935,134.8308801651001,1898.0,2.0,5.0,1.0,0.0,13.58
33.687961101531975,9.034156799316406,0.04328057063200674,17.0,1.0,6.0,1.0,0.0,11.565
88.01776746210331,4.5549622065057775,22.356692743778694,2722.0,1.0,5.0,1.0,0.0,10.96
107.57379582549524,142.4046690973531,89.9229844411214,637.0,5.0,10.0,0.0,1.0,15.195
69.2596544822057,47.382839945688225,45.55404953668282,2388.0,2.0,4.0,1.0,0.0,8.670000000000002
96.45894368489584,36.48435274759929,63.12276030269762,4396.0,10.0,15.0,1.0,0.0,26.689999999999998
74.7319056924122,26.007617960567586,28.141331959826246,3347.0,5.0,10.0,1.0,0.0,19.49999999999999
88.01776746210331,128.86219531258877,110.16134236027331,1631.0,3.0,6.0,1.0,0.0,12.02
73.5107333229583,55.93542414862896,95.39041915122652,3930.0,5.0,10.0,1.0,0.0,18.429999999999996
86.76829983790716,3.6535064379374234,32.694157882360734,2670.0,2.0,7.0,0.0,1.0,13.225
99.62969899909996,96.12132204183581,61.920900268402576,1333.0,2.0,6.0,1.0,0.0,10.73
30.162204134588443,5.472882588704422,83.21103807150695,3973.0,1.0,3.0,1.0,0.0,4.650000000000011
55.62730232874553,1.5333493550618442,11.473955710728958,4598.0,3.0,6.0,1.0,0.0,12.175
88.01776746210331,33.190096724623196,78.47447779107219,2533.0,7.0,12.0,1.0,0.0,20.549999999999997
94.34564565114367,51.92093579995951,87.55833478062414,3319.0,8.0,12.0,0.0,1.0,21.714999999999993
110.20319109860188,157.39596563022738,72.09172838677962,2857.0,12.0,22.0,1.0,0.0,29.374999999999996
73.06791643301645,16.31111241877079,109.64431289078978,852.0000000000002,4.0,7.0,1.0,0.0,8.395000000000003
88.01776746210331,89.82038497924805,160.63622935616874,1252.0,2.0,7.0,1.0,0.0,10.314999999999998
86.7653508981069,172.59602546691897,40.87730248769125,4597.0,3.0,8.0,0.0,1.0,13.809999999999999
29.41451727407791,51.33024857374645,62.59459008627649,774.9999999999998,0.0,5.0,0.0,1.0,4.065000000000005
72.91800118788767,95.78797099044701,125.16194780667621,1989.0,5.0,10.0,1.0,0.0,14.045
106.48435155550641,5.7932664773640425,92.62317654793152,4367.0,2.0,6.0,1.0,0.0,10.004999999999999
56.91135408900057,26.22785177857925,3.7478983402252197,2199.0,8.0,10.0,1.0,0.0,18.24499999999999
72.14656273523967,93.0214994082538,152.40789190938813,858.0000000000002,8.0,13.0,0.0,1.0,14.850000000000001
66.1731755018991,24.748917779652402,9.357349463486273,3337.0,6.0,8.0,0.0,1.0,13.87
54.14286165614614,0.026532014211014143,143.5310242780057,1631.0,0.0,5.0,1.0,0.0,12.445
105.96522096214659,4.659875233968094,112.60334650675458,787.0,1.0,3.0,1.0,0.0,5.710000000000001
205.30767792685458,88.89398012155044,142.88801057846285,4340.0,1.0,3.0,1.0,0.0,8.260000000000005
53.377032204298295,156.09416166941324,103.60742721532006,4093.0,3.0,5.0,1.0,0.0,8.91
122.31842676798504,143.6049977938334,115.68167095150179,1305.0,2.0,6.0,0.0,1.0,10.015
88.01776746210331,104.94208533006409,98.54964877401169,190.0,2.0,5.0,1.0,0.0,7.640000000000005
115.84960697728093,35.936986415375344,14.921951142605394,4893.0,5.0,10.0,0.0,1.0,16.529999999999998
64.59113409121831,108.20344014209695,197.11653024714906,3616.0,0.0,3.0,1.0,0.0,8.665000000000001
42.382181854918606,12.847595751130328,130.90937553740028,3847.0,8.0,13.0,1.0,0.0,18.66999999999999
40.0933543841044,109.85831361613235,31.264192569506122,3109.0,12.0,16.0,1.0,0.0,27.700000000000003
111.72325406854118,98.82597923278809,118.54173312555454,1969.0,2.0,5.0,1.0,0.0,12.629999999999999
95.05913858629357,93.83266506483778,120.58930595715842,970.0,4.0,9.0,0.0,1.0,13.774999999999999
88.01776746210331,35.40293375651042,10.80882946068111,190.0,4.0,6.0,1.0,0.0,12.285
88.01776746210331,40.71679531395299,51.86238288879393,1809.0,5.0,10.0,0.0,1.0,15.925000000000002
88.01776746210331,1.7112096150716098,30.328800754311175,192.0,0.0,2.0,1.0,0.0,7.820000000000004
10.599359567762193,69.28299608456048,97.26798367482843,4474.0,3.0,5.0,1.0,0.0,8.845000000000002
101.52512093385059,10.440325736999512,14.923451044160174,3850.0,6.0,11.0,1.0,0.0,27.039999999999992
67.23417242368062,140.00733593772262,90.58121641476947,1034.0,8.0,12.0,0.0,1.0,18.354999999999993
88.01776746210331,58.76455450682746,10.411955693659067,1904.0,7.0,12.0,1.0,0.0,27.1
115.60667737503536,97.34816551208496,101.27568739602188,1988.0,7.0,10.0,0.0,1.0,17.104999999999997
52.30018008151091,35.690577824910484,85.89847830201809,1889.0,1.0,6.0,0.0,1.0,12.354999999999999
88.01776746210331,69.64902851517158,49.88063435982136,1904.0,3.0,7.0,0.0,1.0,12.115
17.341353002848336,83.9276118747269,107.68060727083746,1022.0,7.0,12.0,1.0,0.0,17.039999999999992
88.01776746210331,37.70778344478458,37.70778344478458,1427.0,10.0,18.0,1.0,0.0,30.455
142.0248031616211,111.27853393554688,105.32657725852913,4541.0,5.0,10.0,1.0,0.0,18.814999999999998
88.01776746210331,66.58582584301864,179.80717439980558,1336.0,0.0,1.0,0.0,1.0,7.720000000000002
46.69122534881657,25.943072636922196,134.21369342831895,864.0000000000002,4.0,6.0,1.0,0.0,6.505000000000004
74.77056947148716,73.0425755182902,124.95797276496887,2311.0,1.0,3.0,1.0,0.0,12.01
68.20812523365021,43.36049487077009,155.4161449244323,2281.0,4.0,6.0,1.0,0.0,12.895
103.89658036431987,184.3101501464844,57.493297096031405,7.0,7.0,12.0,0.0,1.0,25.104999999999997
88.01776746210331,168.46022653044201,77.4097880232148,190.0,1.0,5.0,1.0,0.0,5.26
95.17872401241523,99.45072123082356,73.08829079071681,7.0,1.0,3.0,1.0,0.0,4.394999999999996
89.52104322767505,34.46194988985857,2.06189999201645,911.0,9.0,12.0,0.0,1.0,26.235
88.01776746210331,251.39532089233398,130.28205219306983,191.0,4.0,8.0,1.0,0.0,9.875
88.01776746210331,52.92572673254957,85.09671688079834,2481.0,12.0,18.0,1.0,0.0,27.455
39.118505700025715,80.13972441355388,58.43019088109335,781.0,15.0,24.0,0.0,1.0,28.275000000000006
117.44448773679323,194.84905218123455,143.57562256809615,4055.0,10.0,12.0,1.0,0.0,18.144999999999996
31.55637905292678,10.103678485271914,75.39893287466839,4436.0,3.0,5.0,1.0,0.0,6.525000000000008
43.32372584807066,39.69287872314453,115.01962178153921,4197.0,8.0,10.0,1.0,0.0,19.739999999999995
59.30641239198546,132.06544915835062,79.28321515986076,4051.0,6.0,10.0,1.0,0.0,14.66
84.41933720023371,49.54241116841635,104.19822725719617,748.9999999999998,9.0,14.0,1.0,0.0,19.65999999999999
130.24268938994888,16.99157555898031,31.930129216440648,3938.0,2.0,5.0,1.0,0.0,8.920000000000002
121.70210589344305,2.117759895433366,118.66326672219051,2361.0,5.0,9.0,1.0,0.0,16.81
88.42958442983219,124.84245725354414,127.33452717463177,4295.0,3.0,5.0,0.0,1.0,10.959999999999999
88.01776746210331,84.16646321614584,44.04397583263441,746.0,0.0,2.0,0.0,1.0,5.920000000000001
70.27786374092102,87.2749472260087,114.53728874524435,2972.0,5.0,10.0,1.0,0.0,17.369999999999997
54.66403563817342,80.9953530629476,17.96024972669936,3319.0,10.0,13.0,0.0,1.0,25.785000000000004
88.01776746210331,114.84656135241192,119.1724389209412,2713.0,10.0,15.0,1.0,0.0,25.449999999999992
88.01776746210331,68.60341298743151,32.56087857104527,2718.0,8.0,10.0,0.0,1.0,18.50499999999999
53.80252599716186,242.046864827474,134.89738005543282,3809.0,4.0,8.0,1.0,0.0,10.619999999999997
56.12543382194417,26.02271238962809,42.51032694883179,4155.0,5.0,8.0,1.0,0.0,14.950000000000001
81.57626541330197,22.618635495503746,6.788802146911621,3757.0,4.0,9.0,0.0,1.0,19.609999999999992
45.90235923727353,109.17404325252086,167.18568430772694,2906.0,5.0,10.0,0.0,1.0,15.64
37.47764269646723,117.51316785812378,60.52223289346633,2058.0,15.0,20.0,0.0,1.0,32.23
88.01776746210331,180.30083974202478,168.2581575975443,335.0,4.0,6.0,1.0,0.0,7.215000000000003
73.82643943031627,105.73898603518805,118.93178547422093,2478.0,4.0,8.0,1.0,0.0,13.615
124.27696962913616,113.5397752126058,58.16726646153256,403.0,0.0,3.0,1.0,0.0,6.4700000000000015
75.65063853592922,0.026532014211014143,62.35026217376192,4477.0,1.0,6.0,0.0,1.0,11.29
129.22170559565222,47.30221840436571,118.78638956792808,181.0,8.0,10.0,1.0,0.0,13.3
60.998772819827245,93.65307490030924,84.2366977885831,1717.0,2.0,4.0,0.0,1.0,8.87
116.01363075096745,0.026532014211014143,95.09967863559723,1596.0,6.0,9.0,0.0,1.0,15.14
145.91125330189243,62.35073804855346,109.856303963655,3931.0,2.0,7.0,0.0,1.0,10.304999999999996
8.279382311593508,71.80097897847494,68.2576307716469,764.9999999999998,10.0,13.0,1.0,0.0,23.869999999999997
139.49743408399323,31.799690085244947,99.94720568029152,1050.0,4.0,8.0,0.0,1.0,11.655
101.72049526760624,66.5686351285937,119.26754080971779,1969.0,8.0,12.0,0.0,1.0,15.330000000000004
88.01776746210331,161.52706940968832,190.86750723654404,4780.0,7.0,12.0,0.0,1.0,18.579999999999995
48.993776241938285,26.010452137173466,35.52762715601907,1173.0,6.0,8.0,1.0,0.0,12.995
135.4494055112203,51.86238288879394,25.247757621218632,3999.0,2.0,7.0,1.0,0.0,15.570000000000002
106.00079757180842,152.3227827589532,173.08887841451602,3595.0,6.0,8.0,1.0,0.0,10.494999999999997
88.78395759384148,28.2540241877238,61.209805806477874,4181.0,4.0,7.0,0.0,1.0,12.435
90.13451286882628,20.50806386396289,21.616746154419765,3312.0,3.0,8.0,1.0,0.0,17.104999999999997
88.01776746210331,43.008555680232035,18.596475312854942,4298.0,4.0,8.0,1.0,0.0,15.06
88.01776746210331,23.96723429361979,75.13377232899073,3322.0,2.0,5.0,1.0,0.0,8.135000000000005
57.439611321994256,116.1567529042562,89.40656584260674,2668.0,5.0,8.0,1.0,0.0,12.28
104.9305514592561,1.5570640563964844,14.53966575597103,2222.0,5.0,10.0,1.0,0.0,18.42499999999999
88.01776746210331,2.913109461466476,36.541909208972356,3446.0,9.0,12.0,1.0,0.0,31.249999999999986
88.01776746210331,150.07400174993867,53.777434446965344,3067.0,4.0,7.0,0.0,1.0,9.969999999999999
51.38978163401286,38.463309680810205,1.9390710144459007,1969.0,8.0,12.0,1.0,0.0,26.959999999999997
1.1135608966772708,20.43890008195983,89.52701760184331,1333.0,7.0,12.0,0.0,1.0,19.84499999999999
114.17820056279498,35.25765736897787,25.75910672846173,4244.0,6.0,11.0,1.0,0.0,23.689999999999998
63.69073893292806,28.974787394205734,54.252346110782426,2912.0,2.0,7.0,1.0,0.0,10.595
89.92240031560263,70.75791606500086,17.361860473950706,2761.0,2.0,5.0,1.0,0.0,7.860000000000004
57.74194744335546,94.42324638366699,16.55124580332388,3225.0,10.0,15.0,1.0,0.0,28.980000000000004
88.01776746210331,1.9136508305867466,60.03750639647479,191.0,5.0,10.0,1.0,0.0,17.554999999999996
21.970176696777344,67.3295548990912,147.23717371622718,861.0,3.0,8.0,0.0,1.0,8.89
88.01776746210331,0.08284428186016157,60.934009065385894,1905.0,1.0,4.0,0.0,1.0,9.44
50.60054262479146,43.416698773701995,17.219785843432568,1158.0,3.0,8.0,1.0,0.0,13.58
88.01776746210331,79.962158203125,150.36341349283853,3554.0,0.0,3.0,0.0,1.0,8.96
68.07092428207396,28.43925408281696,45.54218053817749,4904.0,5.0,7.0,0.0,1.0,11.815
50.85017234086989,35.811595122019455,4.104559322392262,3360.0,9.0,14.0,1.0,0.0,30.029999999999998
60.005589655096024,52.25346088409424,128.97894630586958,2665.0,6.0,8.0,0.0,1.0,12.555
88.01776746210331,148.78644943237302,122.61589368184408,1863.0,4.0,9.0,1.0,0.0,14.355
151.43914153644198,226.73651377360022,73.89522454517041,4541.0,3.0,5.0,0.0,1.0,6.295000000000008
111.72325406854118,137.4872420099564,118.54173312555454,1969.0,2.0,5.0,1.0,0.0,12.629999999999999
74.38679507661921,88.64837841829285,149.23921028772992,1594.0,5.0,8.0,1.0,0.0,11.9
88.01776746210331,93.5582305782494,29.484201478771865,2557.0,1.0,3.0,1.0,0.0,9.340000000000003
51.121607027986705,69.42465617127404,114.8067079950124,2901.0,1.0,3.0,0.0,1.0,9.995000000000001
88.01776746210331,56.654939637519426,150.75466657872312,1691.0,5.0,10.0,1.0,0.0,13.605
70.76391865848564,0.026532014211014143,172.6577934452507,3289.0,2.0,6.0,1.0,0.0,11.215
146.3316043217977,56.76024754842122,141.60268238338176,2667.0,0.0,1.0,1.0,0.0,11.0
72.89988597234091,13.661856614150267,74.95075982102813,1969.0,3.0,6.0,0.0,1.0,13.24
78.04115356411783,10.908647378285721,52.29705728609889,313.0,4.0,6.0,1.0,0.0,9.86
24.60720536473673,14.556248982747391,5.960778671578737,4779.0,1.0,3.0,1.0,0.0,4.295
115.3974692026774,54.005086360120906,93.34060152371723,2809.0,3.0,8.0,0.0,1.0,12.04
61.70869479731967,16.34035132398519,102.03201384283602,1054.0,4.0,9.0,0.0,1.0,15.715000000000002
109.91626585988949,34.3041892118587,147.569040954113,16.0,3.0,8.0,0.0,1.0,9.815000000000001
62.27283643869063,94.15015723110021,51.75150871449053,1058.0,4.0,8.0,1.0,0.0,12.709999999999999
88.01776746210331,86.64188620847807,75.20390988017122,1153.0,0.0,5.0,0.0,1.0,4.135000000000007
86.7815051457607,27.38186464024087,28.628245863365002,3319.0,10.0,12.0,0.0,1.0,26.150000000000002
149.26164710195738,165.1275634765625,97.08577152487123,4299.0,5.0,7.0,1.0,0.0,10.659999999999997
88.01776746210331,8.29539907475312,67.85682586681408,1002.0,8.0,13.0,1.0,0.0,25.330000000000002
69.21236282238776,36.48841473429153,114.5476003487905,4433.0,18.0,22.0,1.0,0.0,27.254999999999995
88.01776746210331,17.43278612217788,115.71700656034712,2384.0,0.0,4.0,1.0,0.0,12.1
22.70404408530642,52.41140252765036,179.2086283365885,4866.0,5.0,7.0,1.0,0.0,8.255000000000003
80.00928139129729,165.32544692357382,80.46318689982095,4272.0,5.0,10.0,1.0,0.0,12.825
79.80169554551442,137.05673375904252,130.09579181671145,2721.0,0.0,5.0,1.0,0.0,14.549999999999999
58.789129704382496,63.90952827059664,51.19484265645346,4893.0,5.0,8.0,1.0,0.0,13.37
118.4594798855566,73.81379703292623,164.18783803092083,970.0,3.0,8.0,0.0,1.0,10.294999999999998
84.38809831544252,16.059579277255878,11.796578295373664,837.0,3.0,5.0,1.0,0.0,6.835000000000003
148.51216794146842,89.00088469187418,81.3437267720777,4663.0,6.0,8.0,0.0,1.0,11.255
88.01776746210331,12.0421157777552,29.927162533567753,730.0,4.0,6.0,0.0,1.0,12.209999999999999
112.46878380625276,104.67842810636893,130.04299898942313,3524.0,6.0,10.0,0.0,1.0,22.209999999999994
156.7515162130197,67.7579957904527,140.89307698692815,1765.0,8.0,10.0,1.0,0.0,13.23
51.38978163401286,105.68073307319231,118.80408741223316,1969.0,2.0,6.0,1.0,0.0,12.489999999999998
94.13652618726093,31.87549267992533,25.20938718807883,4365.0,1.0,3.0,1.0,0.0,8.150000000000006
136.27368436233758,155.80623944600427,170.86721722674454,1473.0,2.0,5.0,0.0,1.0,11.97
88.44297379255295,62.86338263744256,4.098943329881877,4365.0,4.0,8.0,1.0,0.0,12.65
21.460334523969017,34.131201108296715,17.59543873292084,768.9999999999998,2.0,5.0,1.0,0.0,8.505000000000003
82.4232558409373,85.56433912841992,140.17347172872786,1019.0,8.0,12.0,1.0,0.0,14.294999999999998
147.38210649714648,18.030982216199234,90.48799650433165,1988.0,7.0,12.0,0.0,1.0,20.119999999999994
88.01776746210331,129.42868194077164,254.5351653592661,4300.0,2.0,3.0,0.0,1.0,7.865000000000005
73.01222284634908,60.692528883616134,84.00477170944214,4138.0,1.0,4.0,1.0,0.0,5.680000000000009
84.4653939382018,101.31228764851886,38.37502834309513,482.0,9.0,14.0,0.0,1.0,26.699999999999996
75.8779116848018,95.18508116404215,4.538645974632047,2848.0,5.0,8.0,1.0,0.0,12.23
60.34963444205156,115.50660133361818,56.44646932681401,2116.0,1.0,6.0,0.0,1.0,12.95
88.01776746210331,73.21777323983649,129.33821450569667,766.9999999999998,6.0,8.0,1.0,0.0,9.495
88.01776746210331,23.946404457092285,5.715874019248687,1386.0,6.0,11.0,0.0,1.0,25.94
33.19577774345817,55.75638135196641,20.42770164407556,2320.0,10.0,15.0,1.0,0.0,28.65000000000001
88.01776746210331,174.55673217773438,181.12752214074132,1300.0,4.0,8.0,1.0,0.0,10.044999999999998
168.0311981598303,191.6754961013794,69.82582307440073,2051.0,0.0,3.0,1.0,0.0,7.890000000000003
88.01776746210331,179.22379175821942,154.24941422679694,4564.0,4.0,9.0,0.0,1.0,16.07
119.97360595851204,53.732184569040925,34.853164354960136,911.0,5.0,10.0,1.0,0.0,19.554999999999993
81.6516869526822,134.6856792767843,119.23348150060824,3223.0,2.0,7.0,1.0,0.0,12.290000000000001
127.24464718776291,19.279132987624806,26.231785118579865,964.0,1.0,5.0,0.0,1.0,11.23
52.42849364294671,36.67495750123636,20.905332736826196,2005.0,6.0,10.0,0.0,1.0,18.81499999999999
116.58501049193244,59.76996173267253,25.840161067511268,723.0000000000002,7.0,12.0,1.0,0.0,26.075
93.87466828144777,92.52749391889664,125.20622546435335,190.0,2.0,5.0,1.0,0.0,8.395000000000003
88.01776746210331,98.2485068088863,111.83303613312698,2435.0,4.0,7.0,0.0,1.0,12.885
88.01776746210331,155.19137969337558,143.93499135427797,2713.0,4.0,9.0,1.0,0.0,15.595000000000002
70.82130966615902,161.53589288393655,136.63973310467554,3135.0,1.0,4.0,1.0,0.0,12.14
62.22581802691517,145.60209512710568,42.30477465316653,116.0,1.0,6.0,0.0,1.0,10.129999999999997
79.14912601312001,37.25279172261556,59.760116388982475,2831.0,1.0,6.0,1.0,0.0,12.965
88.01776746210331,6.088590621948242,105.60503160292379,691.0,3.0,6.0,1.0,0.0,7.1150000000000055
29.876911030927047,64.25600983396484,94.36953616899092,7.0,3.0,7.0,1.0,0.0,8.895000000000001
102.1784355310956,81.30974570910136,141.85743780496222,4385.0,5.0,8.0,1.0,0.0,10.944999999999999
76.29809070203919,39.078927040100105,18.079947793921754,1054.0,4.0,5.0,1.0,0.0,9.21
83.3769198875719,26.65631986043688,139.83575739063477,22.0,10.0,18.0,1.0,0.0,16.225
148.71439238389334,87.69525181924108,18.079813818136856,2146.0,4.0,7.0,1.0,0.0,15.055000000000001
163.77378232282354,165.1275634765625,73.22678963343303,4909.0,2.0,6.0,1.0,0.0,10.235
88.01776746210331,67.9596535206656,89.37858868957845,1817.0,0.0,2.0,0.0,1.0,9.465
88.01776746210331,245.1907157897949,245.19071578979487,665.0,3.0,7.0,0.0,1.0,8.095
129.01343703269958,51.86238288879394,60.648863514264434,4272.0,8.0,13.0,1.0,0.0,22.634999999999994
130.06219665209454,80.44227759043378,103.92254546653324,1988.0,6.0,10.0,1.0,0.0,17.104999999999997
73.55962326061369,150.11096114758405,82.97640060385069,3037.0,6.0,10.0,0.0,1.0,16.160000000000004
147.8003760877376,82.27667527971789,118.86376566690159,2632.0,0.0,0.0,1.0,0.0,10.08
69.62301312984589,177.47003237406415,118.67800246497306,1969.0,2.0,5.0,1.0,0.0,12.629999999999999
134.86769795417786,205.06698834590986,164.19079127220658,4426.0,4.0,7.0,1.0,0.0,9.245000000000001
92.01476104014245,66.61782264709473,111.31685976482305,4418.0,4.0,8.0,1.0,0.0,12.28
60.30552019171106,4.549164092168212,97.32504693044271,1635.0,2.0,5.0,0.0,1.0,11.275
60.42512694136045,69.72567240397136,138.2237672509897,1305.0,3.0,5.0,0.0,1.0,9.075
88.01776746210331,1.5570640563964844,107.86126770447784,688.0,9.0,13.0,0.0,1.0,16.939999999999994
88.01776746210331,162.17757457731446,29.93665424388989,832.0000000000002,0.0,5.0,1.0,0.0,8.435000000000002
59.5558108286544,185.1806640625,116.56784514586133,1448.0,3.0,6.0,1.0,0.0,12.23
88.01776746210331,109.51426690832402,65.8220410346985,1360.0,0.0,2.0,0.0,1.0,5.770000000000001
63.21850235884388,20.099257266944434,22.815272087852158,3245.0,15.0,20.0,0.0,1.0,30.65
110.07967591285706,193.30209096272785,80.05228813938932,912.0,4.0,9.0,0.0,1.0,15.610000000000003
63.218354270793505,17.206003116249732,51.360710958639785,3699.0,2.0,5.0,1.0,0.0,7.200000000000005
95.90000174260544,129.04330889383948,53.06433738830189,16.0,9.0,14.0,1.0,0.0,25.549999999999997
46.604527286641925,26.77179972330729,22.597629587592863,2749.0,7.0,12.0,1.0,0.0,25.4
30.248352267274946,48.72938791910806,70.22761702537537,1168.0,3.0,6.0,1.0,0.0,8.624999999999998
95.32305349906284,113.21073275515423,123.96847997733856,627.0,5.0,8.0,0.0,1.0,9.180000000000001
73.77549827021234,36.32165182789322,1.6111870986302819,1174.0,6.0,8.0,1.0,0.0,12.39
88.01776746210331,50.25841833315402,103.6733045948495,190.0,2.0,5.0,1.0,0.0,7.675000000000003
57.378315013556865,170.89211146036786,121.40885449965327,4490.0,4.0,7.0,1.0,0.0,10.624999999999996
51.13091710906398,30.053271196084104,29.686485875330007,1169.0,4.0,7.0,1.0,0.0,12.365
69.64008768360752,134.6435961740402,131.1480223434046,2756.0,5.0,10.0,0.0,1.0,15.545000000000002
47.61583010355632,162.11643031371452,66.7712524314993,4301.0,11.0,15.0,0.0,1.0,27.614999999999995
49.0374778106343,121.2668577829997,139.73625520787513,5000.0,6.0,8.0,1.0,0.0,10.7
102.88462215103209,8.697904497724565,54.59426669901102,3319.0,2.0,7.0,0.0,1.0,10.74
88.01776746210331,16.465679804484054,71.97681450828289,3355.0,5.0,10.0,0.0,1.0,21.269999999999996
61.351574460665375,93.32892100016278,16.371341422200196,434.0,7.0,12.0,0.0,1.0,24.099999999999998
88.01776746210331,82.57999315149695,39.535839521219415,3602.0,0.0,3.0,0.0,1.0,5.835000000000004
178.50878636042282,9.415980293609508,109.6539823008546,1988.0,7.0,12.0,1.0,0.0,20.539999999999992
101.714555422465,103.98672565546198,127.62633093734621,5019.0,5.0,10.0,1.0,0.0,16.495
90.0915578480635,259.2267354329427,67.28416408101718,3619.0,2.0,7.0,1.0,0.0,8.340000000000003
68.31888199376408,176.51648896280673,122.68913050890356,3828.0,5.0,8.0,0.0,1.0,11.02
92.95366016594927,3.023987603955902,56.49149445137786,4480.0,8.0,12.0,1.0,0.0,21.555
23.749314475571737,74.56550598144531,85.93828284259266,1806.0,0.0,1.0,0.0,1.0,9.205
2.632109921736017,170.2116250991821,38.749933224850494,4272.0,3.0,8.0,1.0,0.0,14.45
108.9577127696733,166.08247756958005,118.35980868102828,2609.0,2.0,3.0,0.0,1.0,10.035
88.01776746210331,147.26759592692056,37.98574877728242,3592.0,12.0,18.0,0.0,1.0,31.349999999999994
99.28461714104436,102.54603226979572,40.81966699110732,4956.0,6.0,11.0,0.0,1.0,24.890000000000004
90.36500453948976,10.516691207885742,56.90431594848633,4541.0,4.0,6.0,0.0,1.0,12.155000000000001
88.01776746210331,94.32513589126756,11.025695710365355,3092.0,5.0,10.0,0.0,1.0,17.549999999999997
88.01776746210331,28.687691688537598,63.136178007698625,2569.0,1.0,3.0,1.0,0.0,7.210000000000005
63.70385463039079,172.83258239428199,29.589101328141012,3612.0,8.0,12.0,0.0,1.0,27.024999999999995
70.65241237481436,152.7565370141019,199.4994250979896,4049.0,5.0,10.0,1.0,0.0,17.189999999999998
99.81155395507812,39.01428692430879,73.16453294042729,2577.0,10.0,20.0,1.0,0.0,29.45
81.49573130261462,114.11874564752605,177.29742770219062,4248.0,7.0,10.0,0.0,1.0,16.99
43.46966957139861,85.895413966864,52.440551916758224,1969.0,5.0,8.0,1.0,0.0,13.719999999999999
88.01776746210331,109.08027771123064,127.8138521593064,190.0,3.0,6.0,1.0,0.0,7.480000000000004
52.80600495364827,23.039476995957862,30.14957755804062,3736.0,9.0,14.0,1.0,0.0,27.35
96.15169434788791,23.169452945391342,73.9924960990417,3649.0,7.0,10.0,1.0,0.0,17.534999999999997
77.49090194702148,73.10077349344891,79.1809183137957,4360.0,10.0,18.0,1.0,0.0,23.685000000000002
135.3348394234975,109.86926555633544,88.19445768992105,1851.0,8.0,12.0,0.0,1.0,17.854999999999997
23.718666279455647,84.30172602335611,138.2122981015224,1096.0,4.0,6.0,1.0,0.0,9.304999999999996
44.17069982834315,21.412023425606698,28.293118346482515,3679.0,1.0,6.0,0.0,1.0,16.040000000000003
108.11898942144278,35.09394265323256,88.5839257745829,4633.0,3.0,6.0,1.0,0.0,9.355
35.422727462234135,0.026532014211014143,5.172052548732609,1013.0,7.0,12.0,1.0,0.0,26.235
88.01776746210331,5.42031381434451,119.9664706509793,305.0,6.0,10.0,1.0,0.0,13.3
88.01776746210331,50.64566135406495,126.94247563680011,795.0,2.0,5.0,0.0,1.0,7.245000000000006
1.4651104975200724,102.87790824562157,46.85431197673702,3275.0,3.0,8.0,1.0,0.0,13.6
118.25119256973264,0.026532014211014143,62.215445102022684,190.0,2.0,5.0,0.0,1.0,5.774999999999997
106.44051548879361,9.953477773039282,48.938272798356294,9.0,15.0,20.0,0.0,1.0,27.099999999999998
25.2447154702774,132.90903455830022,121.68243610164305,291.0,2.0,7.0,0.0,1.0,8.920000000000002
88.01776746210331,115.58736364046732,115.94593908109043,4316.0,4.0,7.0,1.0,0.0,11.074999999999998
121.64882692389557,259.2267354329427,190.6615636049537,1622.0,2.0,5.0,0.0,1.0,11.965
105.57462933211352,77.44465821336537,86.96622384886723,358.0000000000002,5.0,8.0,0.0,1.0,10.405
71.14473183949787,92.87601446267216,110.27758518854776,1365.0,0.0,5.0,1.0,0.0,9.579999999999998
123.25392779021057,43.39942932128906,102.06174191553144,1001.0,2.0,6.0,1.0,0.0,9.544999999999998
62.365690370400756,81.4639409383138,59.37619533845767,837.0,4.0,6.0,0.0,1.0,8.310000000000004
16.929492633789778,116.97594324747723,8.518116544776902,1013.0,3.0,5.0,0.0,1.0,6.455000000000004
75.17866416989516,2.2370219089983294,124.93841103496379,2479.0,4.0,8.0,1.0,0.0,13.065
88.01776746210331,81.64346654472563,197.63305955275428,1899.0,1.0,3.0,0.0,1.0,10.53
120.26015619436899,107.66678858732729,98.84570579961293,3838.0,2.0,6.0,1.0,0.0,10.364999999999998
34.25681602093391,37.63348253075189,26.905374962370843,988.0,11.0,16.0,1.0,0.0,25.975
77.70099657354876,17.7046279112498,80.3361660548641,2520.0,2.0,3.0,1.0,0.0,7.980000000000005
149.99069156474434,272.6923624674479,71.26556489577827,118.0,3.0,6.0,1.0,0.0,6.950000000000001
50.22281364072114,109.43405230840048,99.1394159325864,3369.0,6.0,9.0,1.0,0.0,27.02499999999999
115.98524848620096,150.7090315251844,118.1306314378162,2040.0,10.0,18.0,0.0,1.0,24.749999999999996
139.89545062552983,92.28845834732056,84.64886844158171,930.0,8.0,13.0,0.0,1.0,18.319999999999993
44.49007858614399,1.7112096150716098,34.59413266876557,1069.0,8.0,12.0,1.0,0.0,27.879999999999995
79.52471176783244,70.50253355264431,51.75150871449053,2914.0,10.0,17.0,0.0,1.0,29.225
158.20577884151132,81.12965369703791,56.126179794470474,1988.0,1.0,6.0,0.0,1.0,12.245
64.52816882811021,51.352826537913636,87.13938469203033,2922.0,2.0,6.0,1.0,0.0,12.61
76.60832775679107,20.522423676447943,58.78183975000866,3200.0,3.0,7.0,0.0,1.0,11.355
60.65294836153043,126.6761302947998,203.0525465806325,3594.0,4.0,8.0,1.0,0.0,10.224999999999996
62.48926768700282,254.6730533630277,191.7530158989393,1988.0,1.0,3.0,0.0,1.0,10.53
20.056786139806107,43.347125260819055,1.0267277558644565,1969.0,3.0,6.0,1.0,0.0,12.524999999999999
93.59308282534279,92.94380673363777,109.33209125262995,4979.0,7.0,12.0,1.0,0.0,20.89999999999999
95.61867461695026,1.5215544454501213,132.03537822701037,3510.0,1.0,5.0,1.0,0.0,12.35
87.42759972810744,74.30503065940381,30.418092688584395,2159.0,10.0,15.0,1.0,0.0,29.050000000000008
88.01776746210331,38.06757278895628,101.65392727358268,2756.0,3.0,5.0,0.0,1.0,11.525
43.68882179260253,239.08926645914715,85.16197995510689,3919.0,1.0,6.0,0.0,1.0,9.535
86.37122750636385,7.263851165771484,112.11809556698427,4822.0,12.0,15.0,1.0,0.0,27.075
26.288111576529147,61.81182066599529,80.81305963884611,4845.0,4.0,9.0,1.0,0.0,11.649999999999999
109.91065838024952,162.55054473876953,13.83693522987717,4365.0,2.0,5.0,1.0,0.0,7.735000000000005
88.01776746210331,42.765045166015625,55.69256186718122,2868.0,20.0,22.0,1.0,0.0,30.974999999999998
97.6660962992658,166.6490347260454,101.09993110284752,1305.0,4.0,6.0,1.0,0.0,9.84
31.910939585941378,20.277955897230036,31.226883438891186,1063.0,2.0,4.0,1.0,0.0,7.605000000000004
88.01776746210331,25.934855445909,1.383352279663086,40.0,5.0,10.0,0.0,1.0,16.679999999999996
88.01776746210331,71.35497370278851,75.20390988017122,1153.0,0.0,5.0,0.0,1.0,4.135000000000007
33.610739161000915,35.58026474008026,54.58543719723821,1210.0,10.0,15.0,0.0,1.0,29.675000000000004
88.01776746210331,28.61797014872233,6.724315311536586,4689.0,0.0,2.0,1.0,0.0,4.42
142.924420038859,144.13688481533126,71.99833099536288,3004.0,5.0,10.0,1.0,0.0,15.64
105.17005158011065,25.299135843912765,111.4979604880015,3518.0,0.0,1.0,1.0,0.0,8.060000000000006
116.9490271349787,39.391836734769946,104.01578083401544,3793.0,1.0,4.0,0.0,1.0,8.185000000000006
88.01776746210331,44.792697450975545,114.00534311930338,1932.0,0.0,5.0,1.0,0.0,12.629999999999999
57.2524497906367,64.32970881093449,43.02275230487189,114.0,3.0,5.0,1.0,0.0,8.020000000000003
67.69648825090069,40.80789883931478,229.3537865686328,2016.0,8.0,13.0,1.0,0.0,16.145000000000003
33.69421914103441,13.289800548227511,29.559746757877292,3048.0,4.0,5.0,0.0,1.0,9.975000000000001
85.1657062404532,129.41927512486777,56.922393468751885,1512.0,6.0,11.0,1.0,0.0,25.610000000000003
95.57362118115029,175.6019712483976,168.92873908315477,2723.0,3.0,8.0,1.0,0.0,11.495000000000001
93.53972673416138,125.16644450442982,98.66568292491137,3055.0,0.0,4.0,1.0,0.0,10.035
49.80929207079802,42.7154779434204,18.66948670649436,1210.0,6.0,11.0,0.0,1.0,25.634999999999998
88.01776746210331,31.59927796077681,78.99862928121972,4697.0,5.0,10.0,0.0,1.0,11.374999999999998
88.01776746210331,154.93160680804672,12.422450383504227,3910.0,10.0,15.0,0.0,1.0,29.754999999999995
102.3996473771452,163.53095825082463,163.17261299964233,3274.0,7.0,12.0,1.0,0.0,17.774999999999995
84.62505958353479,64.72366978850914,132.4798037608465,2035.0,0.0,0.0,0.0,1.0,11.68
92.63526697953543,75.24177233378094,102.4793929148776,458.0,8.0,13.0,0.0,1.0,15.660000000000004
82.39377326584265,38.03757031758626,0.09888343823452317,860.0000000000002,3.0,8.0,1.0,0.0,12.23
88.01776746210331,105.45822804172836,130.14567717909813,3044.0,14.0,24.0,0.0,1.0,23.624999999999996
2.2021469369065017,71.73844973246256,97.50605349690886,300.0,0.0,3.0,1.0,0.0,5.779999999999999
68.13775253637382,11.607861518859863,64.43418569979258,1548.0,4.0,7.0,1.0,0.0,10.459999999999997
83.4979429006732,259.2267354329427,70.10702145853429,3319.0,5.0,8.0,0.0,1.0,13.84
17.741666191917226,3.883603698341176,36.405553800674774,4818.0,7.0,12.0,1.0,0.0,25.86
68.28010058112946,33.30526351928711,7.456181565430597,2799.0,1.0,4.0,1.0,0.0,5.500000000000001
44.35262342588733,51.86238288879394,101.24660726820973,927.0,4.0,9.0,1.0,0.0,15.530000000000001
81.65729739678984,15.03596305847168,56.23610019683838,3847.0,5.0,10.0,1.0,0.0,15.555000000000001
30.53948084513347,25.308886947944607,93.17365016128558,3929.0,1.0,6.0,0.0,1.0,9.684999999999999
93.92210137739309,94.91412669643371,148.47990578273308,2750.0,1.0,4.0,1.0,0.0,12.5
52.026628081997245,19.553701082865395,28.088246900006197,439.0,8.0,12.0,0.0,1.0,24.599999999999994
88.01776746210331,7.004313304302443,54.801591107388965,1631.0,0.0,2.0,1.0,0.0,7.69
55.25219241778056,63.77052799604522,91.60025978017076,3213.0,1.0,3.0,1.0,0.0,9.070000000000002
88.01776746210331,79.1306436061859,81.92945447323534,982.0,6.0,9.0,1.0,0.0,16.075000000000003
114.40875062253322,31.451531251271568,77.83258167037275,993.0,1.0,6.0,1.0,0.0,9.34
115.75589296699036,194.48277647898067,99.96490288855664,847.0,4.0,7.0,1.0,0.0,8.775000000000002
87.93328205744427,171.8694262633411,126.54707282781601,1871.0,7.0,12.0,1.0,0.0,13.45
116.66202799994305,42.1034296353658,149.70900846965378,1198.0,2.0,3.0,0.0,1.0,7.260000000000001
88.01776746210331,239.58180745442704,70.2909270922343,4379.0,0.0,1.0,1.0,0.0,4.225000000000014
53.87684315113195,98.69652128278784,110.03766729263587,3923.0,5.0,8.0,1.0,0.0,11.695
88.01776746210331,109.08027771123064,127.8138521593064,190.0,3.0,6.0,1.0,0.0,7.480000000000004
82.63716582611475,146.10636432965597,87.63964003107199,4180.0,5.0,10.0,0.0,1.0,17.28
69.75550469360314,122.01364963839295,120.19059963592252,1054.0,12.0,20.0,1.0,0.0,21.95499999999999
70.1614131743554,29.87804412841797,62.512358029683426,3925.0,2.0,6.0,1.0,0.0,11.02
88.01776746210331,154.25879557927448,92.58462985356647,3810.0,0.0,1.0,1.0,0.0,7.175000000000003
64.95148365696271,22.148138837656006,49.278969350901505,2416.0,0.0,3.0,0.0,1.0,7.175000000000003
96.74831011798231,27.123800913492843,56.06769843046397,2238.0,1.0,3.0,1.0,0.0,8.985000000000003
87.94812655639058,32.405432065327965,45.45736278996629,4541.0,7.0,12.0,1.0,0.0,22.145
30.43647110462188,133.23255379994708,122.89320627848309,3263.0,5.0,10.0,1.0,0.0,18.099999999999994
42.66110850342859,19.916852315266922,105.87126110428169,2502.0,2.0,6.0,0.0,1.0,14.36
22.427590439716973,16.947714851266937,76.5845059164955,1424.0,0.0,2.0,1.0,0.0,6.2700000000000005
68.10837373826264,32.04439481099447,54.25137598067522,534.0,4.0,6.0,0.0,1.0,8.920000000000002
88.01776746210331,76.16788347562155,5.501151315790295,1300.0,6.0,9.0,1.0,0.0,19.099999999999994
103.4006638906552,124.05587762332287,152.97829757522172,3713.0,5.0,10.0,0.0,1.0,19.819999999999993
75.83548383360417,30.880581930493165,94.13444548942304,1970.0,3.0,6.0,1.0,0.0,12.25
45.26511150179431,68.48018964131673,50.54775873819986,3228.0,1.0,6.0,0.0,1.0,12.17
87.2725281670379,47.43296305338542,101.31460637300431,2008.0,1.0,5.0,1.0,0.0,12.225
94.70041841268541,79.92986083263531,104.65485718717295,3532.0,1.0,4.0,1.0,0.0,8.320000000000004
47.16458320617675,7.6590379079182895,25.469619996874833,4170.0,3.0,6.0,0.0,1.0,15.885000000000003
3.587972124417618,18.27514966328939,0.7814542962781417,2375.0,10.0,12.0,0.0,1.0,26.655000000000005
108.13682918233098,42.779695987701416,97.36647262228264,1242.0,0.0,0.0,1.0,0.0,6.66
88.01776746210331,0.34567515055339015,103.44363807234913,191.0,13.0,15.0,1.0,0.0,21.16999999999999
88.01776746210331,1.7112096150716098,35.867248422194585,1844.0,5.0,8.0,1.0,0.0,14.545000000000002
90.94720482826231,3.7036049334953276,49.16864012605704,1305.0,5.0,10.0,1.0,0.0,16.225000000000005
142.0248031616211,111.27853393554688,105.32657725852913,4541.0,5.0,10.0,1.0,0.0,18.814999999999998
88.01776746210331,3.856798379032014,37.01000803624387,2738.0,3.0,5.0,1.0,0.0,8.150000000000002
95.92676957448325,81.09387738998825,33.328447619593746,5019.0,7.0,8.0,0.0,1.0,13.725
42.052178695545685,75.36642551422119,10.491177394578699,1527.0,10.0,15.0,0.0,1.0,30.42
9.381412208798181,101.9183983580054,14.11725168582052,171.0,5.0,9.0,1.0,0.0,17.734999999999992
33.02020122500835,27.856933236277357,11.95863653520064,4569.0,7.0,12.0,1.0,0.0,25.240000000000002
14.004948735237122,58.08819478746349,94.62317551951857,2629.0,5.0,10.0,0.0,1.0,17.064999999999998
103.76710545194022,14.518188436826065,24.903177043112606,2754.0,1.0,6.0,0.0,1.0,16.794999999999998
132.5833781302208,112.07969784736632,131.95142348607382,3350.0,10.0,16.0,1.0,0.0,22.59999999999999
65.92441399892172,39.7115707397461,114.69822243064604,910.0,2.0,6.0,1.0,0.0,7.915000000000002
65.72035418115168,33.23841776048842,7.943761348724365,4100.0,7.0,12.0,0.0,1.0,26.224999999999998
80.69013173420292,24.39781030019124,69.34709674387705,1969.0,5.0,7.0,0.0,1.0,11.145
87.6031810402007,7.567024230957031,65.9647243298726,486.0,6.0,8.0,0.0,1.0,10.329999999999998
24.58502103885015,155.59997044280558,54.19442951679229,1885.0,7.0,9.0,1.0,0.0,17.119999999999997
71.08762771337449,153.05834309062143,20.928299477479115,804.0,6.0,9.0,1.0,0.0,19.73499999999999
83.87286909419345,0.026532014211014143,105.1665952662006,204.0,1.0,4.0,1.0,0.0,6.650000000000003
47.72805162186464,141.5228525797526,83.98986230701364,3319.0,2.0,6.0,1.0,0.0,12.615
88.01776746210331,105.23456434311814,136.9259328173939,4141.0,0.0,5.0,0.0,1.0,10.839999999999998
156.6919723448033,117.30036359028114,155.95066150029498,609.0,10.0,15.0,0.0,1.0,18.474999999999987
88.01776746210331,21.88947995503743,3.0216072807282472,4566.0,10.0,20.0,0.0,1.0,31.17999999999998
75.83548383360417,92.61018435160318,68.76496017963898,1969.0,1.0,6.0,0.0,1.0,12.225000000000001
72.70920637771876,55.89062770207722,55.89062770207722,3113.0,5.0,8.0,1.0,0.0,12.31
72.99271364730278,38.29762613556037,37.715437658577386,1143.0,7.0,10.0,1.0,0.0,20.12999999999999
57.225239401062325,92.5390879313151,101.51224231037001,3068.0,4.0,9.0,0.0,1.0,19.459999999999994
117.71775333266608,141.3851962376308,145.74455261996872,2471.0,5.0,10.0,1.0,0.0,15.965000000000002
52.355332175890595,198.6516411668466,160.82119743029276,3904.0,2.0,4.0,1.0,0.0,9.615
106.4618399803294,239.58180745442704,103.47921441231544,4774.0,0.0,1.0,0.0,1.0,5.68000000000001
91.09816574370295,178.2798667748769,102.74580290745993,485.0000000000002,2.0,5.0,1.0,0.0,7.720000000000004
50.064794222513825,25.821038087209075,94.1943578807089,1526.0,5.0,8.0,1.0,0.0,12.475
88.01776746210331,60.74409484863281,169.1771149635315,2792.0,12.0,15.0,1.0,0.0,23.799999999999997
88.01776746210331,31.644641610910185,2.346742917628333,2828.0,2.0,3.0,0.0,1.0,4.385000000000005
79.75120332072645,0.37113825480143703,15.23405909538269,910.0,2.0,5.0,1.0,0.0,8.690000000000001
69.05683430377394,120.38071962306276,71.74779307291222,2368.0,0.0,3.0,0.0,1.0,7.385000000000004
98.07159900665285,12.562966346740723,162.59850625841258,16.0,6.0,11.0,1.0,0.0,13.65
58.29453070958456,74.58627759090935,11.607861518859863,3234.0,1.0,6.0,0.0,1.0,12.64
102.18519990254816,266.8139139811198,217.14779349034262,191.0,15.0,18.0,1.0,0.0,16.67
130.5248036980629,199.9185227604661,138.8988508852587,2914.0,4.0,9.0,1.0,0.0,15.465000000000002
88.01776746210331,39.56740697224935,39.56740697224935,4484.0,1.0,3.0,0.0,1.0,5.660000000000004
38.997824268881224,51.554547898316144,108.38795834933991,77.0,2.0,7.0,1.0,0.0,8.755000000000003
109.6266170917564,82.99744745794065,36.88123226165772,1305.0,3.0,5.0,1.0,0.0,7.860000000000002
99.99802013238272,20.260900440916885,34.21850005785625,2536.0,2.0,6.0,1.0,0.0,14.21
92.22056468327841,82.53445227940878,76.9041527392498,4301.0,8.0,10.0,1.0,0.0,13.229999999999999
88.01776746210331,112.56513053473705,158.9508786928491,671.0,3.0,5.0,1.0,0.0,7.590000000000003
113.7087007945714,100.60114214914695,164.3986827616269,2718.0,4.0,6.0,1.0,0.0,11.950000000000001
88.01776746210331,50.993919372558594,122.19575161579996,3642.0,3.0,5.0,0.0,1.0,12.805
26.613366266246885,67.83966966468142,11.3733074637518,1730.0,3.0,7.0,1.0,0.0,12.68
141.56479040781656,154.57251866658527,129.7161705158942,251.0,2.0,5.0,1.0,0.0,8.390000000000002
70.99080880482992,32.31856028238933,20.761223078200906,294.0,0.0,1.0,1.0,0.0,9.4
80.20877292728983,59.41320589627139,70.86577018102011,2621.0,18.0,25.0,0.0,1.0,31.324999999999992
124.92041449525765,92.19881360962368,134.37913171947002,2773.0,7.0,10.0,0.0,1.0,15.545000000000002
88.01776746210331,27.108067469089292,36.655718191953675,2094.0,1.0,5.0,1.0,0.0,12.02
88.01776746210331,84.57574858584849,113.27207287152606,269.0,0.0,1.0,1.0,0.0,6.289999999999999
83.60390184764886,12.506959036303058,8.166168994891152,1893.0,8.0,13.0,1.0,0.0,26.910000000000004
82.14490946071844,38.21661614929326,65.43959924116886,3319.0,9.0,11.0,1.0,0.0,27.134999999999994
89.35871666957003,28.8975050052007,33.23030173778534,1353.0,9.0,14.0,0.0,1.0,26.78000000000001
71.22866910940502,83.58535766601562,89.04065111613211,873.9999999999998,3.0,5.0,1.0,0.0,6.395000000000002
15.450846586645639,5.660438537597656,55.21311684181758,2829.0,2.0,5.0,0.0,1.0,6.260000000000006
88.01776746210331,38.03757031758626,61.74868273131626,3940.0,1.0,4.0,1.0,0.0,6.220000000000006
62.953072475647794,54.93040944177968,0.04328057063200674,3498.0,5.0,10.0,1.0,0.0,22.069999999999993
73.30033599379628,55.625216166178376,58.014538274922714,911.0,5.0,8.0,1.0,0.0,11.009999999999998
76.52025348264334,105.1165557689577,12.89379994074504,2365.0,7.0,10.0,1.0,0.0,17.979999999999993
64.22488598812683,49.775989804523604,40.59694130846765,1110.0,1.0,6.0,0.0,1.0,10.285
10.388254698530844,156.09416166941324,33.77091928656833,779.0,5.0,10.0,0.0,1.0,19.194999999999986
167.9022828737895,48.63758261908515,4.0142644259806985,3188.0,1.0,6.0,0.0,1.0,11.715
116.7014677087233,182.7842280739181,124.3469464605975,1174.0,8.0,11.0,1.0,0.0,15.035000000000002
86.40298544826996,102.25769446115008,29.658565113398552,2036.0,1.0,6.0,1.0,0.0,15.800000000000002
70.63968200624609,11.179716747331739,19.10535295804341,1871.0,9.0,14.0,1.0,0.0,26.769999999999996
42.25305767322425,132.6008160909017,190.3861798908717,4272.0,5.0,10.0,0.0,1.0,16.99
65.17418225606282,250.76700846354169,85.27950114803389,1727.0,4.0,7.0,1.0,0.0,11.635000000000002
80.70061852534613,107.2757403055827,131.54552777608237,4384.0,7.0,12.0,0.0,1.0,16.855
28.34037343660991,53.82115046183267,74.22735686923261,173.0,3.0,6.0,0.0,1.0,7.515000000000001
97.67831637873314,41.7327880859375,195.1249023278554,838.0000000000002,1.0,3.0,0.0,1.0,5.699999999999996
88.01776746210331,82.09246794382732,133.60499159510556,2245.0,12.0,18.0,1.0,0.0,22.449999999999996
88.01776746210331,4.176096121470138,63.52996031443279,4966.0,0.0,3.0,0.0,1.0,4.130000000000011
101.77663742166868,59.2529296875,107.27088244141972,4272.0,8.0,13.0,1.0,0.0,20.38999999999999
75.17071912686029,50.71492255083285,83.75420011774015,1793.0,1.0,3.0,0.0,1.0,7.930000000000001
62.50752409299214,93.30629197890327,102.5377263489645,1349.0,2.0,5.0,1.0,0.0,8.53
