job_description,job_desig,key_skills,company_name_encoded,exp_lower,exp_upper,location_type_tier_one,location_type_tier_two
98.9548752705256,27.129189173380535,66.78325657461149,3687,5,7,1,0
89.30207325465744,25.153859456380207,139.75484066953263,458,10,17,0,1
36.77122921205106,49.20662380948973,85.3225387293302,4195,5,9,1,0
119.61531908406566,97.65062729517619,160.85755825042725,313,7,10,1,0
22.490384650882334,73.56719970703125,3.7941687100101262,1305,1,3,1,0
57.19833629555069,22.272026594146155,78.04395043531258,4428,5,10,0,1
178.5087863604228,9.415980293609513,109.65398230085461,1988,13,15,1,0
89.89616340768407,31.503546237945557,95.8487506781239,1793,6,10,0,1
48.998593867630305,7.54246711730957,62.46353275685882,3398,1,3,0,1
36.48565411567688,145.79153458277383,25.4507421287902,3444,2,6,1,0
71.27174370592306,51.862382888793945,67.15440849463145,3492,3,7,0,1
147.3821064971465,0.46829266551261145,100.08982642514943,1969,10,12,0,1
121.61289900541306,14.796197003064057,56.51847955693181,3692,2,6,0,1
42.10446079572042,99.77433781993264,114.79433178901672,4479,2,4,1,0
11.417075320302198,35.690577824910484,73.73975158358614,2127,1,6,1,0
31.382345656553902,88.028883934021,40.02048057045613,2914,3,6,0,1
87.49095536707803,174.55673217773438,141.78428903517974,3998,5,8,1,0
80.26928007602692,30.679183126024633,33.75433628389146,1548,3,6,1,0
89.96710922025764,61.23328908579424,114.44362799763135,2401,4,9,1,0
58.08315204534058,13.034441179722004,99.03672536990295,4554,3,5,1,0
116.05834547857134,15.402814478147775,15.402814478147775,3113,1,5,1,0
99.34601177810691,152.93349352432415,38.40121396788163,1178,8,12,1,0
71.91701262975887,168.38349065122503,143.9100984185643,1969,10,12,1,0
69.99514147702635,74.56550598144531,1.8096678735067446,2650,3,5,0,1
58.16104908784231,121.9383905166372,78.66905590381066,4681,1,4,0,1
34.563603003819786,79.59977785746257,1.6411656960068892,4298,10,20,1,0
88.01776746210332,8.212975660959879,72.65739535893469,895,3,7,0,1
7.259979451676676,10.860558230585108,53.99930814552742,3063,3,5,1,0
88.01776746210332,100.22578239440918,156.77343119847743,190,1,3,1,0
41.25010436982848,23.515078056758888,24.793400180351455,2012,2,5,0,1
110.6716261687931,116.70719454074667,118.97189993906068,3319,6,11,1,0
82.21433206587487,68.55645179748535,68.30015381177266,4064,4,8,0,1
106.92608257134755,77.99006323669649,63.28970396425575,190,2,5,1,0
44.70448146967101,49.89205297315493,59.35030080145225,1616,3,4,1,0
86.39895803062245,130.52521149317423,55.80619618473672,2993,7,10,0,1
104.95071344848839,12.984702455529865,94.16361840461225,2679,2,7,0,1
94.43224150745664,111.99092070261638,125.09175405139104,853,5,8,1,0
88.01776746210332,297.3082224527995,102.35424697796891,190,2,5,1,0
39.972337086995445,49.58632616277706,77.57633386839491,4298,4,9,1,0
138.21234305699667,77.9587547275393,148.79245767078828,4672,7,12,0,1
39.247073931619525,57.540418704350785,84.84363108873367,4272,6,11,1,0
88.01776746210332,18.838563419800874,10.78842338671772,4946,2,5,1,0
174.069223368618,259.2267354329427,138.48867292205495,3397,2,6,0,1
10.650366234282652,182.78422807391811,132.12522351532243,1687,7,8,1,0
88.01776746210332,5.5969965663583325,133.0547308777265,191,5,9,1,0
57.90706674257914,111.25581761201222,187.65983085613698,4037,2,6,0,1
89.36678949879328,111.27853393554688,61.83870935929008,3870,2,7,1,0
83.51181749846243,115.90512487843323,54.45751259394456,871,4,9,1,0
102.36591994762422,153.63217994066267,93.99431229879458,911,14,16,1,0
35.71066459019979,46.71961466471354,23.576067910956528,16,8,10,1,0
91.76408896843593,121.81291977564493,61.0543492223466,190,2,5,1,0
85.6602171397147,19.972817103068035,86.52151823043823,974,2,7,1,0
110.92552575864828,53.55414481988798,57.01787028907953,930,5,7,1,0
83.47432228038087,20.131810506184895,79.00911618295746,868,1,6,1,0
62.49274810155233,112.58961359659831,25.173162850963614,697,2,6,1,0
15.864610666661367,41.405677795410156,57.87152221867776,1775,5,10,1,0
116.4618914326032,9.2130879793937,92.4672228381193,1969,3,5,0,1
57.10239173301185,21.900947888692222,75.51621328263234,888,3,7,0,1
88.01776746210332,86.64188620847806,75.20390988017122,1153,0,5,0,1
34.873600289423244,178.41205571603496,47.78324192933117,3612,8,10,0,1
69.78571043813038,75.40456370528166,75.40456370528166,2503,2,6,0,1
96.94750562242311,,30.836193581732612,2777,10,14,1,0
123.64373053472566,232.58662581113944,51.51316888319949,1474,2,7,1,0
50.88366454777618,37.4241828918457,99.36103974469006,3383,7,10,1,0
71.28301393046665,95.92960675557455,58.758758698240854,3536,8,11,1,0
2.5134724792830334,113.30266049772035,123.74658617773093,3364,1,5,0,1
73.69203561332445,81.11062928510364,58.2798428532745,783,7,10,0,1
69.62301312984589,41.28315618775863,97.06072596406254,268,2,3,0,1
112.1950144074314,174.55673217773438,151.37917764368467,4120,7,12,1,0
88.01776746210332,32.31879164619992,155.24779100669548,3341,4,9,1,0
88.01776746210332,22.994152704874676,158.92043511072794,3603,1,3,0,1
117.44448773679323,194.84905218123458,130.40093650342897,4049,10,12,1,0
52.68565813700358,147.23328257096,249.58324432373047,1993,5,10,1,0
88.01776746210332,80.44516122511898,98.34774443588685,449,5,10,0,1
83.36651281206287,22.464815775553383,115.86133440335591,2319,1,4,1,0
48.42230308374079,51.862382888793945,13.677375735035941,4817,2,5,1,0
88.01776746210332,35.14701632278351,83.87802954724368,64,0,5,0,1
76.0363419520824,12.112415867159145,16.089832221041434,459,1,3,1,0
99.65205534244888,181.4118797619206,131.06698321256167,313,8,10,1,0
74.10194704619546,90.82932602226113,74.95459361428705,622,2,5,0,1
46.866758036776446,23.963308334350586,176.23812958724253,910,3,6,1,0
88.18982351658633,81.91301066350813,87.47541486324431,3724,7,12,0,1
36.79103134801759,6.05813714840527,31.187590668560002,1713,5,10,0,1
18.0746020632796,2.020958172700678,29.897173245747883,1002,10,20,1,0
68.44103032878289,46.97176615397135,28.253855265211314,4061,16,22,1,0
88.01776746210332,139.54828077815668,62.6615876108796,3469,2,5,0,1
88.01776746210332,105.93961079915366,86.47143571288325,3743,1,5,0,1
88.01776746210332,155.19137969337558,93.08903332348564,1682,6,9,1,0
88.01776746210332,31.601111094156902,70.19030262017623,782,1,2,1,0
88.01776746210332,156.6476305403436,151.64940875329194,3910,2,7,1,0
88.01776746210332,134.952206905776,90.67303609404765,190,2,5,1,0
88.01776746210332,55.790553027327405,38.658935551454,191,3,8,1,0
88.01776746210332,69.69790027748483,102.48334987554699,2447,4,8,0,1
42.403883521910764,21.315503120422367,43.16706684185192,2218,5,10,1,0
55.49375730721901,11.607861518859862,69.7500925717274,3945,4,9,0,1
147.26317723592123,77.22861369450887,103.0463476975759,3535,3,8,1,0
88.01776746210332,3.1011581420898438,14.93459145228068,2840,2,5,0,1
89.32624580823662,33.19958051045736,81.63272539774577,85,10,15,0,1
49.40010607242584,123.5875451816052,92.51892383132751,3608,2,5,1,0
107.45613334584048,111.67072828587456,60.30840235252981,783,5,10,1,0
80.77284221847852,105.53364753723143,59.574007987976074,1300,4,8,1,0
88.01776746210332,72.25562334060669,32.82582859198253,3955,0,5,0,1
81.49977515374,92.6526427268982,123.42836062113444,1305,10,14,1,0
40.830736332767025,1.2814940613073607,51.0066032409668,5019,15,22,1,0
52.71397829055786,53.39801457400123,30.624324202653952,1699,4,7,1,0
96.50178503458542,36.03350115275437,67.04839770712472,3872,23,30,1,0
88.01776746210332,269.0715154012044,269.0715154012044,4518,2,7,1,0
51.38978163401286,15.471708574720349,22.473708436397526,1969,8,12,0,1
88.01776746210332,22.453850550421826,132.4488359144501,1631,0,5,1,0
113.62991248024628,112.83623793181808,65.29162774483363,884,6,11,1,0
105.59977341260189,77.41011182467143,18.368937664005596,1474,2,5,1,0
88.01776746210332,40.74897864484228,56.06044589852293,770,0,3,1,0
87.98491358757019,176.58456166585287,89.85637994095063,3908,0,5,1,0
88.01776746210332,224.0131696065267,21.091548520295568,2781,0,2,1,0
62.465295544825494,56.187926901232764,95.33655767979023,1210,5,10,1,0
45.844834188271,2.246187951338167,76.20305142918369,4811,0,5,0,1
88.86289937120941,174.55673217773438,116.16822853393388,446,3,8,1,0
52.67037294785648,25.812315940856934,91.5583074092865,2377,3,8,1,0
92.47302214304607,35.690577824910484,95.96832597647638,1969,4,6,1,0
71.74328394175973,25.91912305215374,85.9967051892454,1989,12,15,0,1
73.23192827170715,123.07155998423697,2.5009861177143953,1969,5,10,0,1
20.60515781243642,193.30209096272785,170.49533863707137,2339,5,9,1,0
88.01776746210332,48.96373748779297,114.92292933592883,2866,1,3,1,0
88.01776746210332,51.073380311330155,21.68965933669824,305,4,9,1,0
132.93762803077698,92.35941867033641,128.6783402048362,190,2,5,1,0
88.01776746210332,42.04084253239368,73.32192176157453,437,0,1,0,1
62.80655240019162,112.01139854432161,89.37530095378558,4426,3,6,1,0
123.64373053472566,232.58662581113944,51.51316888319949,1472,2,7,1,0
53.28363955438059,40.163191159566246,153.89358202616373,4854,4,7,1,0
138.80977912097782,32.405432065327965,142.3817593769248,1076,7,12,0,1
94.32348185352264,67.37526257832845,57.319928534949824,676,1,6,1,0
46.866758036776446,56.27460479736328,128.69265177093138,910,2,6,1,0
46.55282218106246,61.72854900360108,136.11974282927503,1988,7,10,0,1
95.52821295607524,1.0319312413533528,80.28408425016096,3218,2,6,1,0
88.01776746210332,72.34726178382213,27.476807040269097,4207,3,7,1,0
88.01776746210332,174.3144353230794,121.08358710732621,1352,4,9,0,1
51.56864921251933,11.607861518859862,67.34850754340489,261,5,8,1,0
85.91713706652322,53.054022789001465,137.20360183215234,500,2,3,1,0
70.64425921610867,109.27795681830806,126.15141660523174,4984,3,6,1,0
102.99319871191983,11.128580570220947,102.52548600935067,4272,8,11,1,0
88.01776746210332,79.88010644912718,18.390528971212916,1208,5,10,1,0
77.15006700406471,29.98336950937907,86.37789142606684,2607,3,5,1,0
51.58423980077108,42.000848770597564,42.000848770597564,2172,0,0,1,0
88.01776746210332,,,3141,1,2,1,0
187.58712906274013,164.17142550150552,37.65411529651222,911,12,15,1,0
117.41454406583217,114.9145643619704,61.65539026260376,4715,3,8,1,0
88.01776746210332,22.026773588489355,0.19240022132483622,1904,10,20,1,0
88.01776746210332,15.835336135933174,132.07596251935078,2795,0,4,1,0
80.47770855428098,28.717676798502605,109.22668342633794,3998,5,7,1,0
57.86448420985835,89.09565607706706,68.49154744995758,3536,8,13,1,0
81.3085194148395,32.405432065327965,110.82677755104365,4541,8,13,1,0
108.05452056592912,147.67191807428995,125.95561146736145,2742,5,8,1,0
88.01776746210332,24.358826113166288,53.051699201265976,1631,3,8,1,0
88.01776746210332,57.24723669336527,75.21455112534265,1500,10,20,0,1
97.76351347585053,71.38582865397134,3.004557128830735,4893,2,5,1,0
88.01776746210332,33.30526351928711,52.98016950061235,1958,2,7,0,1
118.85738411559335,84.84113326230727,18.38434833334759,4750,15,20,1,0
66.54819587808258,22.71773020426432,40.999184633255936,4893,7,10,1,0
97.56625407802251,69.8483149210612,31.987489966559224,4060,10,13,1,0
88.01776746210332,178.31980387369794,24.785929816425778,2143,3,7,1,0
63.35559089978536,99.09439086914062,87.61914086026081,4577,2,7,0,1
50.50570085295476,83.51480960845947,86.53097613520609,1969,10,12,0,1
18.748186634426627,95.411289196151,31.02208085232026,183,2,4,1,0
31.382264148366325,26.657531658808388,31.4086310902591,927,2,5,1,0
51.36278833427544,42.45666409163581,6.615007008076646,2719,1,6,1,0
102.74979905225335,61.81618751337131,79.11842913308647,772,3,6,0,1
88.01776746210332,,127.97099963524185,2283,1,6,0,1
84.88006867143365,58.93624623616536,92.22435289314794,3319,9,14,1,0
11.825428597512657,75.6166398525238,72.90099349969144,4136,4,6,1,0
55.68346778551738,189.96359507242838,8.3889921894297,2573,4,6,0,1
72.76391816752341,135.01914342244467,88.69346529245377,1970,5,10,0,1
46.691225348816566,4.019247622151549,134.21369342831895,864,4,6,1,0
88.01776746210332,183.4785737582327,137.16230859281495,3719,0,1,0,1
64.16325653772219,14.94669516881307,118.25145170053777,134,6,10,1,0
102.92639036973318,144.01645134785213,30.564694158116858,3931,14,18,1,0
86.57519871388406,90.78107688110322,162.27844735102886,2299,3,8,1,0
88.01776746210332,9.539476633896507,61.29095086683568,1694,9,14,0,1
102.99319871191983,110.90607047080994,102.52548600935067,4272,8,13,1,0
170.0878495137052,77.1841049194336,142.8162487913748,3319,4,8,1,0
68.09749806003917,171.55376655670503,152.31420853572976,3420,2,7,1,0
88.01776746210332,55.16890088717143,130.17430468656434,190,2,6,1,0
70.36205331484476,81.14153481680356,35.598195338388905,2603,0,5,1,0
59.884876386846976,6.470674282172695,58.5087302121489,526,4,5,1,0
61.59234877268318,13.909164691964786,95.98708461514131,3300,1,5,1,0
130.43847588863477,108.58694763786238,88.40069522460301,3382,12,14,1,0
60.264245669047035,55.75638135196641,8.944664398829142,1210,10,15,0,1
69.11576614559938,72.13112380413804,8.944471213423336,4365,9,14,1,0
88.01776746210332,71.35497370278851,75.20390988017122,1153,0,5,0,1
88.01776746210332,20.038541158040363,116.44257051909032,190,3,5,1,0
26.613366266246885,67.83966966468142,14.131163477820033,1730,3,7,1,0
53.023838226605825,21.118863423665363,27.91337379543014,4893,5,8,1,0
93.30829634758022,26.05137237890934,198.28425356536172,861,5,8,1,0
80.73506301104013,101.16343996148012,111.10231105437076,284,2,6,1,0
60.52760808597668,12.918084924846577,75.00307268007116,3319,4,9,1,0
114.67044635792263,67.41909399085368,109.39444889542453,2574,8,13,0,1
30.942490205537375,48.03462823232015,29.26441655339052,4971,0,3,0,1
103.26545455124383,62.64394919077556,89.01137430293603,873,3,5,1,0
71.74328394175973,25.91912305215374,58.82986646223193,1989,10,15,1,0
88.01776746210332,,29.835142806890268,190,3,4,1,0
118.87915382782619,313.2892608642578,136.2798585993005,1922,8,13,0,1
100.95628400643666,35.690577824910484,112.31746276219685,1724,7,12,1,0
95.82023862749338,124.36549002086394,32.231638065422885,301,3,6,1,0
90.28084157034755,7.703379474454171,49.61654006037861,4806,4,7,1,0
101.00093285242716,39.13241227467855,35.1863626654449,4733,7,10,1,0
93.97093057632446,175.19671122233072,130.17062346140546,2043,10,16,0,1
88.01776746210332,11.41336758931478,170.5400888400618,190,2,5,1,0
111.25092073149668,47.83777555373187,47.991759345556304,3114,9,14,1,0
99.1816649834315,16.451055547319505,101.40676663480312,1168,2,4,1,0
136.59351648918042,101.31228764851888,65.72751849501704,3002,8,10,1,0
107.73950020472208,167.3532764116923,84.70251262187956,1682,9,12,1,0
54.21739297453314,28.404720624287922,28.198181781529758,2764,1,6,0,1
88.01776746210332,124.05587762332289,124.05587762332289,1625,2,7,0,1
88.01776746210332,12.611350073711947,7.682937620362887,860,5,7,1,0
72.14656273523967,93.02149940825379,152.40789190938813,858,8,13,0,1
73.23192827170715,123.07155998423697,2.5009861177143953,1969,5,10,0,1
118.24433848766299,72.38743305206299,20.262427899676066,1058,2,7,1,0
56.434874003753066,250.2734025319417,106.7151838899008,1756,8,12,1,0
87.03259825706482,10.808697280784449,79.85718448956807,167,5,10,1,0
36.298691429450024,3.1568845113118487,5.923307142074918,4318,2,4,1,0
9.381412208798187,101.9183983580054,14.11725168582052,171,5,9,1,0
82.5953483581543,11.607861518859862,92.1427239132754,783,7,10,0,1
80.33653582127349,25.907629609961685,53.667271465625774,783,5,10,1,0
116.6271240877298,24.117597912845667,77.38117118918429,837,1,2,1,0
110.04986763000488,56.47052892260642,56.47052892260642,1349,5,10,1,0
68.56498540534328,102.74438858032227,112.25625505915862,2270,9,12,1,0
38.92957062150042,45.46873400686309,124.41776593526204,4108,2,7,1,0
88.01776746210332,114.20677547963957,17.016037539967027,4756,10,15,0,1
64.11766796760882,143.54587395985922,195.47810402000323,4774,0,3,1,0
105.26764169335367,122.30542397519457,159.83212385326624,4528,4,8,1,0
56.36700284279262,135.36196949135046,61.07214368142498,3076,8,10,0,1
81.45022658864036,40.44140282397469,20.640968779722847,1372,10,16,1,0
116.53985827385138,2.5659686109671993,45.375969484060384,4470,8,10,1,0
73.90272219975789,16.034452157327905,60.28071056716726,3582,4,6,0,1
118.19634960071804,176.16658761010817,15.002101761395656,884,6,9,1,0
70.22123619365932,66.30921369263281,89.99470061341223,2039,3,8,0,1
98.25865386398316,66.83900657420357,112.08643897698495,1086,3,5,1,0
80.6402713060379,20.23531198501587,,382,4,9,0,1
88.01776746210332,34.8305344581604,17.666731930027407,3693,0,2,0,1
55.91771869779526,59.67288017272949,73.04872326500724,2199,7,12,1,0
70.17356157302856,129.39909947987567,110.02823158546562,2809,3,8,0,1
135.56290467580158,32.405432065327965,68.97475209552795,4541,7,10,0,1
84.03450013429392,39.53793446222941,4.965628186861674,2650,2,4,1,0
73.6358364423116,64.39296944081434,17.204639618285,1305,4,6,1,0
91.63649208882514,125.13571882415515,41.581652050566234,4934,3,8,1,0
88.01776746210332,121.81291977564493,61.0543492223466,190,1,5,1,0
87.66191204388936,49.101260731064635,24.332426598994065,1069,8,12,1,0
63.35559089978536,99.09439086914062,87.61914086026081,4577,2,7,0,1
128.77705047527948,163.84051209509684,115.09061318477809,3998,5,10,0,1
74.7319056924122,26.007617960567586,28.14133195982625,3347,5,10,1,0
88.01776746210332,21.37261927127838,56.57863142065859,4793,1,4,1,0
28.578691945585888,50.87598304768714,22.816670342581347,3292,2,3,1,0
88.01776746210332,48.05721607481246,45.73165789721922,191,6,8,1,0
42.975929379463196,84.05365617363714,32.276734756305814,2222,5,10,1,0
88.01776746210332,1.9861224136548117,53.014372780065365,4847,0,1,0,1
77.68404316108597,155.6306997934977,94.59427744150162,1904,10,12,1,0
29.827578018497054,114.77825384548244,109.68112661600269,3498,1,5,1,0
75.07504196364607,1.125486691792806,37.5292247358099,3275,11,14,1,0
27.827700074218832,42.09580151558233,81.63189093271892,1155,2,6,1,0
2.6485813857410294,39.56965815038226,126.57045920689902,4035,0,3,1,0
88.01776746210332,71.35497370278851,75.20390988017122,1153,0,5,0,1
88.01776746210332,146.90852959950766,123.94604753499152,190,1,3,1,0
88.01776746210332,109.08027771123064,132.92475339840166,190,3,6,1,0
138.54730824629468,134.51794808594664,48.38037917700907,498,1,2,1,0
147.3821064971465,157.60715293775624,108.4150250768289,1969,7,12,1,0
63.632734616597496,4.6965837478637695,72.7612693386618,4426,1,4,1,0
56.142324463386714,10.008442652845892,97.97504254966043,669,5,9,1,0
88.01776746210332,137.14678608618368,159.63244695240064,1356,0,0,1,0
88.01776746210332,78.55077197018545,150.79277631205818,2289,10,15,1,0
88.01776746210332,25.59498945871989,14.684049288431803,3719,2,7,0,1
88.01776746210332,172.27194422108974,160.971200466156,5010,6,8,0,1
111.3028527906863,131.86738704098389,180.24757245972674,2188,3,6,1,0
88.01776746210332,57.65190124511719,62.775296716426965,3540,2,4,1,0
2.0384538188712518,75.85305684478953,114.77094126991385,2020,2,7,0,1
88.01776746210332,68.1379823324581,21.288577715555824,3871,3,5,0,1
78.66740639631946,119.60225105285645,50.65118074417114,3319,2,4,1,0
35.77776616069362,116.92386409267783,77.46089203283191,3331,3,5,1,0
187.3678179574199,177.71484355131787,138.83632519088374,1993,3,7,1,0
102.98744576866738,7.386016845703125,166.7690334914975,783,4,8,1,0
137.9873811992487,257.1619351704916,194.22162018017843,1058,4,8,1,0
118.85738411559335,84.84113326230727,7.650250138734312,4750,15,20,1,0
88.01776746210332,19.98990309269478,38.06663397408556,1691,1,5,1,0
80.97671544819605,10.874420454880843,136.03980479480623,580,6,11,0,1
99.145444528646,158.46225000277627,200.94930330912274,1373,2,4,0,1
88.01776746210332,37.183349813494715,93.07370980580649,1807,6,11,0,1
94.44029289467531,88.38103612263998,166.86987636397438,275,10,15,0,1
17.287968440117158,5.037396570696729,120.67846267988595,4061,4,6,1,0
110.67385378361601,56.47044976552327,103.49081953366597,191,4,8,1,0
30.539480845133465,25.308886947944604,120.41524971912925,3929,7,10,0,1
101.8824964761734,91.52548865919623,91.52548865919623,3612,4,9,0,1
124.10749480089483,165.9594622430935,176.64333546223742,2400,10,18,0,1
67.70977641766271,21.449589729309082,160.836321250099,3045,4,6,0,1
137.91786829630533,18.57426961263021,31.744581952807494,4765,5,10,1,0
66.44653040712001,54.18527799968918,88.09060255686441,4185,0,1,0,1
67.71122018496195,60.36188321207495,105.00043758778095,520,4,8,0,1
119.3292673745115,94.58989188666844,80.68471984527908,1969,8,12,1,0
88.01776746210332,22.513081549307874,13.951365152994793,2067,2,6,1,0
88.01776746210332,50.993919372558594,46.51287873663629,2987,2,3,1,0
86.55542307242285,39.83086982237485,112.75006232826854,4774,0,2,1,0
88.01776746210332,74.56550598144531,65.28685372613836,4286,2,7,1,0
109.1480502199071,8.44672559760511,89.68500611845229,4701,2,4,0,1
78.00129055976868,51.862382888793945,50.38659466275325,2186,2,5,1,0
84.88006867143365,30.10419209798177,124.65064162000394,1353,1,6,1,0
32.70446965082859,51.862382888793945,77.45799553813413,3835,1,6,0,1
88.01776746210332,2.8526941935221353,3.7621317717518346,2630,0,0,1,0
88.01776746210332,37.01154953353883,90.38170274191846,4676,0,2,0,1
102.92639036973318,144.01645134785213,30.564694158116858,3931,8,13,1,0
131.78105658541122,44.29330825805664,173.64897487544414,2773,12,18,1,0
49.77556467056274,37.301935132321276,99.224826018326,4822,18,22,1,0
130.1720417456333,120.66509434274244,87.01513037279558,3458,10,11,1,0
88.01776746210332,6.245431622179845,113.7301964496146,2359,5,8,0,1
100.04779967663733,138.31600348154703,155.0368655839217,1756,8,12,1,0
81.0994590719929,66.85885985692342,103.50445906321207,2890,7,12,1,0
75.83548383360417,40.869391107359355,63.17630169214681,1970,6,10,0,1
108.12809263570671,94.4409966468811,200.42465954320508,3362,4,7,1,0
88.01776746210332,19.224202632904053,41.805185424163945,364,2,3,1,0
119.81837967177854,133.31775665283203,101.35582781707247,2476,1,4,1,0
95.17856749613809,21.456400553385418,69.81051714198354,1935,3,8,1,0
88.01776746210332,12.120999610609337,47.274613611807574,3732,2,4,0,1
103.49353666824754,66.03519618717353,63.55765003245323,4032,1,6,0,1
187.58712906274013,164.17142550150552,37.65411529651222,911,12,15,1,0
121.4413125137071,0.026532014211018883,4.4709198791072895,3458,8,13,1,0
105.33651326162119,104.78795741413099,106.17339257878484,1072,9,13,0,1
88.01776746210332,109.08027771123064,120.9072241287989,190,2,5,1,0
90.8642245728212,78.38710149129231,7.759575049082438,4347,5,10,1,0
125.91907779375713,34.6469521522522,111.08088791370392,1149,2,7,1,0
8.261109509233696,26.99784833648664,109.21354258898646,4474,0,0,1,0
71.30077078860874,80.6867281595866,150.74048266784908,4487,2,4,1,0
68.7739372253418,30.366595958669983,161.14036486445306,995,4,7,1,0
88.01776746210332,302.6445401871266,81.79468179441756,190,2,4,1,0
79.95525101820628,165.1275634765625,153.06351582209268,825,3,5,0,1
88.01776746210332,17.386682828267414,93.58348295924468,1065,2,6,0,1
3.070915411808528,10.789539176039398,95.6402654449145,1965,1,3,1,0
88.01776746210332,79.95983759562175,68.71743899828289,475,0,2,0,1
41.47520301873252,8.69790449772457,16.974124343202373,2426,2,7,0,1
127.72486706574759,1.5570640563964844,107.47975095679672,1002,10,12,1,0
83.21003976743668,158.16856347761737,60.04414165023869,2884,10,15,0,1
13.026353012537584,33.98049712971745,42.5326799074052,3931,5,9,1,0
11.555876423760008,81.6287852881942,16.734635216804843,2046,0,0,1,0
104.27477008391483,81.89422289530437,121.6678042571099,1305,10,18,0,1
95.61683347080059,39.38872284585765,26.790864233043973,1988,4,8,1,0
87.31882211250195,94.01105563544358,141.54181364162164,720,2,7,1,0
124.11084699075825,176.58456166585287,33.245875438054405,191,8,10,1,0
86.40298544826996,102.25769446115008,29.658565113398556,2036,1,6,1,0
95.835422106029,33.19958051045736,24.545328206537913,2263,12,15,1,0
83.58214284574692,50.45985930676882,100.22370140147056,1154,1,3,1,0
59.67981437279377,41.16668701171875,50.55731932322185,280,10,15,1,0
71.9353421338989,134.70184008280438,87.05259958902995,686,13,15,1,0
63.58922223250072,138.8244334394888,113.64450852076213,2401,5,10,1,0
88.01776746210332,57.66494274139404,121.86202077233852,1054,6,10,1,0
70.27786374092102,87.2749472260087,114.53728874524434,2972,5,10,1,0
88.01776746210332,109.08027771123064,132.92475339840166,190,3,6,1,0
98.03868624003371,129.95658692282933,146.66069267956726,2978,2,6,1,0
57.86448420985835,89.09565607706706,68.49154744995758,3536,14,20,1,0
75.5631025977588,246.1318333943685,163.130517800649,1255,3,6,0,1
84.84526673952739,,150.13555629023662,190,1,4,1,0
72.78315623601277,16.99157555898031,83.1179391592741,2058,5,10,0,1
83.65005056063335,51.17530715815519,55.96663782392473,3458,6,11,0,1
9.15349374214808,8.69790449772457,25.51963677202972,547,1,6,0,1
88.94454638163249,5.798028311740685,5.798028311740685,4122,3,8,0,1
60.1463411624233,29.04374400774638,19.61786150932312,2914,4,6,1,0
40.66119779648337,51.70991590130142,115.48509969628262,1305,10,14,1,0
88.01776746210332,46.33623735668758,27.661342844173,1173,5,8,1,0
85.93435883522034,44.118552189320326,105.70078347154777,1398,2,5,0,1
88.01776746210332,5.5572350819905605,136.49982446659124,3810,10,12,1,0
88.01776746210332,238.7316387942216,3.412578866118565,4995,2,4,0,1
51.38255568842093,53.14740343116379,104.4114179443568,422,4,8,1,0
81.35373299786201,71.90583149592081,108.27958080529545,2489,0,1,1,0
88.01776746210332,16.54980182647705,110.90698967163917,2418,1,5,0,1
39.86610010081979,1.995032822014764,18.261458881897852,3748,4,7,1,0
83.94854068756104,151.5360900850889,0.5413948441855609,1954,5,10,1,0
71.74328394175973,39.074291579890996,85.1724925591043,1989,10,15,1,0
122.57193285622634,70.00137188782294,48.67646793524424,2475,19,25,1,0
88.01776746210332,68.31480662027995,38.89742793980986,1228,7,12,1,0
118.59304706255595,139.81182725789648,87.60176301002502,4036,0,2,0,1
100.20081023006544,26.05137237890934,161.88445542405435,2561,5,8,1,0
87.57602420907158,79.15536055855532,98.86303395032883,788,1,3,1,0
93.260956920858,94.423246383667,30.46614329020182,5021,3,8,1,0
88.01776746210332,51.862382888793945,76.48642776766792,1064,8,13,0,1
56.09366410790244,38.57431809107462,107.01783498128255,1511,2,4,0,1
91.34664138158162,17.45646579026167,61.9206168643359,4272,6,11,1,0
103.56150540950087,110.64723874054229,24.616070588429768,2423,5,10,0,1
34.01041030883789,81.90925387122358,106.80175749682046,3275,5,10,1,0
75.72535872459412,34.24254124984145,69.8827185255747,3309,1,3,0,1
88.01776746210332,32.739085071564965,102.9459113876025,1054,3,6,1,0
77.14069883028667,62.610575093034036,116.45145559620384,4682,0,3,1,0
51.532867068332656,50.262883838634785,2.7644426891735447,4107,1,2,1,0
88.01776746210332,109.08027771123064,103.23477187412209,190,2,5,0,1
42.13273880401782,93.79799991923696,56.47044976552327,2468,9,14,0,1
80.19802625252244,113.21225808448314,113.21225808448314,5019,3,7,0,1
88.01776746210332,18.614897364750504,149.8799939950307,3132,0,2,1,0
88.01776746210332,83.90351696677196,66.05221551241509,190,1,5,1,0
88.01776746210332,79.81551228173582,166.7188129569695,191,5,9,1,0
74.38103504597773,81.11062928510364,96.90437192039097,3851,6,10,0,1
130.0115098017462,7.4922823075515534,124.12599512669355,3319,5,10,1,0
70.91897779731273,60.074710845947266,67.03485635249915,1349,5,8,0,1
117.64763464767991,117.64763464767991,49.85638525783239,2475,3,8,1,0
63.97202014923096,65.35797119140625,70.92010880102559,910,2,5,1,0
66.74897174040477,44.24033164978028,94.34969007852487,2311,2,6,1,0
101.29938672083274,26.75746417711101,5.722183963068043,4426,2,7,1,0
27.269225253742963,25.75316797786703,88.60660394032797,1732,10,12,1,0
88.01776746210332,172.27194422108974,160.971200466156,5010,6,8,0,1
95.96509542607237,5.849301815032959,75.62404882822497,280,11,15,1,0
97.3500510895974,1.5570640563964844,132.34854567078096,779,10,18,0,1
104.14764950983226,125.32745202382405,92.94174362148624,681,5,7,1,0
51.11683423741245,30.255699157714844,71.94142242272694,4649,0,4,1,0
84.08269087473552,27.333831787109375,106.96930415579118,142,3,8,1,0
88.01776746210332,15.867623438437779,120.62286734580994,2944,5,7,1,0
62.42967828778395,100.3503742123333,73.56378138065338,962,7,10,1,0
130.5248036980629,199.91852276046606,138.8988508852587,2914,4,9,1,0
88.01776746210332,58.927723268667854,49.25362584587371,686,8,12,1,0
115.78277155349497,11.539618174235025,67.57634987588972,2762,4,9,1,0
76.81046426296234,16.719576788697548,59.58091292413883,1815,1,5,1,0
88.01776746210332,79.07568071144246,113.329283396403,765,6,9,1,0
111.41048173109691,74.57727842350626,117.43646640388761,3319,3,5,1,0
69.75309196859598,16.501872208512697,128.36854397610296,4893,2,4,1,0
88.01776746210332,141.41462745028548,109.64049035683274,2481,5,8,1,0
133.6103559703285,136.71465056831948,146.01310094197592,789,5,7,0,1
88.01776746210332,109.08027771123064,127.8138521593064,190,3,6,0,1
46.894649342963625,51.862382888793945,78.23542915442279,2839,1,3,1,0
80.41503702182429,28.35255582249374,56.83504889081329,465,5,9,0,1
48.50347836812337,35.34721632798512,91.28731335513294,2591,3,8,1,0
105.40709616470849,153.20402719080448,107.07379976908366,1972,5,10,1,0
65.09466361991751,103.17370096842448,185.36624908641292,418,6,8,0,1
47.88294654160078,28.348533312479653,104.2224396330615,4412,6,10,1,0
88.01776746210332,28.717676798502605,28.717676798502605,4947,2,7,0,1
88.01776746210332,0.7428312674164772,67.81262063595932,2666,1,5,1,0
27.969571215119988,23.42308759689331,28.370322523793828,1013,3,5,1,0
55.910160573936686,98.50166288839925,99.10598559654318,2884,8,11,0,1
85.56551535924277,74.92993499521012,103.67063422357508,181,5,7,1,0
79.29580367247885,30.31221788478433,69.19327985669952,3576,3,5,1,0
88.01776746210332,95.97561451761672,150.21684616804123,1904,7,12,1,0
117.44448773679323,101.44468943277994,75.04774766275659,4051,12,16,1,0
88.01776746210332,1.6079637998094163,114.96010224024454,2956,8,12,1,0
29.635351812855028,158.14540331969815,6.963113617772858,4142,5,7,1,0
88.01776746210332,81.47051067984043,61.676958709479855,1725,0,2,0,1
10.667726843773078,12.727558612823486,101.08292610239005,1054,6,10,1,0
176.00982983907065,257.1619351704916,148.06604077942515,514,5,10,0,1
88.01776746210332,54.807655016581215,40.73569668495717,3130,2,4,1,0
25.15764983296928,40.74897864484228,46.51548924157396,436,5,8,0,1
88.01776746210332,121.81291977564493,61.0543492223466,190,2,5,1,0
80.95463514328003,39.56740697224935,134.8308801651001,1898,2,5,1,0
33.68796110153198,9.034156799316406,0.043280570632002004,17,1,6,1,0
88.01776746210332,4.554962206505782,22.356692743778694,2722,1,5,1,0
107.57379582549524,142.4046690973531,89.92298444112141,637,5,10,0,1
69.2596544822057,47.382839945688225,45.554049536682825,2388,2,4,1,0
96.45894368489583,36.48435274759929,63.12276030269762,4396,10,15,1,0
74.7319056924122,26.007617960567586,28.14133195982625,3347,5,10,1,0
88.01776746210332,128.86219531258877,110.16134236027332,1631,3,6,1,0
73.5107333229583,55.935424148628954,95.39041915122652,3930,5,10,1,0
86.76829983790716,3.6535064379374185,32.69415788236074,2670,2,7,0,1
99.62969899909997,96.12132204183581,61.920900268402576,1333,2,6,1,0
30.16220413458844,5.472882588704427,83.21103807150696,3973,1,3,1,0
55.62730232874552,1.5333493550618489,11.473955710728962,4598,3,6,1,0
88.01776746210332,33.190096724623196,78.47447779107219,2533,7,12,1,0
94.34564565114366,51.92093579995951,87.55833478062414,3319,8,12,0,1
110.20319109860188,157.39596563022738,72.09172838677962,2857,12,22,1,0
73.06791643301646,16.31111241877079,109.64431289078978,852,4,7,1,0
88.01776746210332,89.82038497924805,160.63622935616874,1252,2,7,1,0
86.76535089810689,172.59602546691895,40.877302487691246,4597,3,8,0,1
29.414517274077905,51.33024857374645,62.59459008627649,775,0,5,0,1
72.91800118788767,95.78797099044701,125.16194780667622,1989,5,10,1,0
106.4843515555064,5.793266477364038,92.62317654793151,4367,2,6,1,0
56.91135408900057,26.227851778579254,3.7478983402252197,2199,8,10,1,0
72.14656273523967,93.02149940825379,152.40789190938813,858,8,13,0,1
66.1731755018991,24.748917779652402,9.357349463486267,3337,6,8,0,1
54.142861656146124,,143.53102427800573,1631,0,5,1,0
105.9652209621466,4.659875233968099,112.60334650675456,787,1,3,1,0
205.3076779268546,88.89398012155046,142.88801057846285,4340,1,3,1,0
53.377032204298295,156.09416166941324,103.60742721532006,4093,3,5,1,0
122.31842676798503,143.6049977938334,115.68167095150179,1305,2,6,0,1
88.01776746210332,104.94208533006409,98.54964877401169,190,2,5,1,0
115.84960697728093,35.93698641537534,14.921951142605394,4893,5,10,0,1
64.59113409121831,108.20344014209695,197.11653024714906,3616,0,3,1,0
42.3821818549186,12.847595751130333,130.90937553740028,3847,8,13,1,0
40.09335438410441,109.85831361613235,31.264192569506122,3109,12,16,1,0
111.72325406854118,98.82597923278809,118.54173312555454,1969,2,5,1,0
95.05913858629356,93.83266506483778,120.5893059571584,970,4,9,0,1
88.01776746210332,35.40293375651042,10.808829460681105,190,4,6,1,0
88.01776746210332,40.71679531395299,51.862382888793945,1809,5,10,0,1
88.01776746210332,1.7112096150716145,30.32880075431118,192,0,2,1,0
10.599359567762198,69.28299608456048,97.26798367482843,4474,3,5,1,0
101.5251209338506,10.440325736999512,14.923451044160174,3850,6,11,1,0
67.23417242368062,140.00733593772262,90.58121641476949,1034,8,12,0,1
88.01776746210332,58.76455450682746,10.411955693659062,1904,7,12,1,0
115.60667737503536,97.34816551208496,101.27568739602187,1988,7,10,0,1
52.30018008151091,35.690577824910484,85.89847830201809,1889,1,6,0,1
88.01776746210332,69.64902851517158,49.880634359821364,1904,3,7,0,1
17.341353002848336,83.9276118747269,107.68060727083746,1022,7,12,1,0
88.01776746210332,37.70778344478458,37.70778344478458,1427,10,18,1,0
142.0248031616211,111.27853393554688,105.32657725852913,4541,5,10,1,0
88.01776746210332,66.58582584301864,179.80717439980555,1336,0,1,0,1
46.691225348816566,25.9430726369222,134.21369342831895,864,4,6,1,0
74.77056947148715,73.0425755182902,124.95797276496887,2311,1,3,1,0
68.20812523365021,43.360494870770104,155.41614492443233,2281,4,6,1,0
103.89658036431987,184.31015014648438,57.49329709603141,7,7,12,0,1
88.01776746210332,168.46022653044201,77.40978802321479,190,1,5,1,0
95.17872401241523,99.45072123082355,73.08829079071681,7,1,3,1,0
89.52104322767507,34.461949889858566,2.0618999920164547,911,9,12,0,1
88.01776746210332,251.39532089233398,130.28205219306983,191,4,8,1,0
88.01776746210332,52.92572673254957,85.09671688079834,2481,12,18,1,0
39.11850570002571,80.13972441355388,58.430190881093345,781,15,24,0,1
117.44448773679323,194.84905218123458,143.57562256809615,4055,10,12,1,0
31.556379052926786,10.103678485271908,75.39893287466839,4436,3,5,1,0
43.32372584807066,39.69287872314453,115.01962178153919,4197,8,10,1,0
59.30641239198546,132.06544915835062,79.28321515986076,4051,6,10,1,0
84.41933720023371,49.54241116841634,104.19822725719617,749,9,14,1,0
130.24268938994888,16.99157555898031,31.930129216440644,3938,2,5,1,0
121.70210589344303,2.1177598954333616,118.66326672219051,2361,5,9,1,0
88.42958442983218,124.84245725354414,127.33452717463175,4295,3,5,0,1
88.01776746210332,84.16646321614584,44.04397583263441,746,0,2,0,1
70.27786374092102,87.2749472260087,114.53728874524434,2972,5,10,1,0
54.664035638173424,80.99535306294759,17.960249726699356,3319,10,13,0,1
88.01776746210332,114.84656135241191,119.1724389209412,2713,10,15,1,0
88.01776746210332,68.60341298743151,32.56087857104527,2718,8,10,0,1
53.802525997161865,242.04686482747397,134.89738005543282,3809,4,8,1,0
56.12543382194417,26.022712389628094,42.51032694883179,4155,5,8,1,0
81.57626541330197,22.618635495503742,6.788802146911621,3757,4,9,0,1
45.90235923727353,109.17404325252087,167.18568430772694,2906,5,10,0,1
37.47764269646723,117.51316785812378,60.52223289346633,2058,15,20,0,1
88.01776746210332,180.30083974202475,168.2581575975443,335,4,6,1,0
73.82643943031628,105.73898603518805,118.93178547422092,2478,4,8,1,0
124.27696962913615,113.53977521260579,58.16726646153256,403,0,3,1,0
75.65063853592922,,62.35026217376192,4477,1,6,0,1
129.22170559565225,47.30221840436571,118.78638956792808,181,8,10,1,0
60.99877281982724,93.65307490030924,84.23669778858311,1717,2,4,0,1
116.01363075096744,,95.09967863559723,1596,6,9,0,1
145.91125330189243,62.35073804855346,109.856303963655,3931,2,7,0,1
8.279382311593508,71.80097897847493,68.2576307716469,765,10,13,1,0
139.49743408399323,31.799690085244947,99.94720568029152,1050,4,8,0,1
101.72049526760625,66.5686351285937,119.26754080971781,1969,8,12,0,1
88.01776746210332,161.5270694096883,190.86750723654404,4780,7,12,0,1
48.99377624193828,26.010452137173466,35.52762715601906,1173,6,8,1,0
135.4494055112203,51.862382888793945,25.247757621218625,3999,2,7,1,0
106.0007975718084,152.3227827589532,173.08887841451602,3595,6,8,1,0
88.78395759384148,28.254024187723793,61.20980580647787,4181,4,7,0,1
90.13451286882628,20.50806386396289,21.616746154419765,3312,3,8,1,0
88.01776746210332,43.00855568023204,18.59647531285494,4298,4,8,1,0
88.01776746210332,23.96723429361979,75.13377232899074,3322,2,5,1,0
57.439611321994256,116.15675290425618,89.40656584260674,2668,5,8,1,0
104.9305514592561,1.5570640563964844,14.539665755971024,2222,5,10,1,0
88.01776746210332,2.913109461466471,36.541909208972356,3446,9,12,1,0
88.01776746210332,150.07400174993867,53.777434446965344,3067,4,7,0,1
51.38978163401286,38.4633096808102,1.939071014445896,1969,8,12,1,0
1.1135608966772754,20.438900081959826,89.52701760184331,1333,7,12,0,1
114.178200562795,35.25765736897787,25.759106728461727,4244,6,11,1,0
63.69073893292807,28.974787394205727,54.252346110782426,2912,2,7,1,0
89.92240031560262,70.75791606500086,17.361860473950703,2761,2,5,1,0
57.74194744335545,94.423246383667,16.551245803323884,3225,10,15,1,0
88.01776746210332,1.9136508305867512,60.03750639647479,191,5,10,1,0
21.97017669677734,67.3295548990912,147.2371737162272,861,3,8,0,1
88.01776746210332,0.08284428186016156,60.9340090653859,1905,1,4,0,1
50.600542624791466,43.41669877370199,17.21978584343257,1158,3,8,1,0
88.01776746210332,79.962158203125,150.36341349283853,3554,0,3,0,1
68.07092428207397,28.439254082816962,45.54218053817749,4904,5,7,0,1
50.850172340869904,35.81159512201945,4.104559322392258,3360,9,14,1,0
60.005589655096024,52.25346088409424,128.9789463058696,2665,6,8,0,1
88.01776746210332,148.78644943237305,122.61589368184408,1863,4,9,1,0
151.43914153644195,226.73651377360025,73.8952245451704,4541,3,5,0,1
111.72325406854118,137.4872420099564,118.54173312555454,1969,2,5,1,0
74.38679507661921,88.64837841829285,149.23921028772992,1594,5,8,1,0
88.01776746210332,93.55823057824941,29.484201478771865,2557,1,3,1,0
51.12160702798671,69.42465617127405,114.8067079950124,2901,1,3,0,1
88.01776746210332,56.65493963751942,150.75466657872312,1691,5,10,1,0
70.76391865848564,,172.6577934452507,3289,2,6,1,0
146.3316043217977,56.76024754842122,141.60268238338176,2667,0,1,1,0
72.8998859723409,13.661856614150263,74.95075982102813,1969,3,6,0,1
78.04115356411785,10.908647378285725,52.297057286098905,313,4,6,1,0
24.60720536473673,14.556248982747395,5.960778671578737,4779,1,3,1,0
115.3974692026774,54.00508636012091,93.34060152371724,2809,3,8,0,1
61.708694797319666,16.340351323985185,102.03201384283602,1054,4,9,0,1
109.91626585988949,34.304189211858706,147.569040954113,16,3,8,0,1
62.272836438690625,94.15015723110022,51.751508714490534,1058,4,8,1,0
88.01776746210332,86.64188620847806,75.20390988017122,1153,0,5,0,1
86.7815051457607,27.381864640240867,28.62824586336501,3319,10,12,0,1
149.26164710195735,165.1275634765625,97.08577152487123,4299,5,7,1,0
88.01776746210332,8.295399074753126,67.85682586681408,1002,8,13,1,0
69.21236282238776,36.48841473429153,114.54760034879048,4433,18,22,1,0
88.01776746210332,17.43278612217788,115.71700656034712,2384,0,4,1,0
22.704044085306425,52.41140252765035,179.20862833658853,4866,5,7,1,0
80.0092813912973,165.3254469235738,80.46318689982095,4272,5,10,1,0
79.80169554551442,137.05673375904252,130.09579181671143,2721,0,5,1,0
58.7891297043825,63.90952827059664,51.194842656453446,4893,5,8,1,0
118.4594798855566,73.81379703292623,164.18783803092083,970,3,8,0,1
84.38809831544252,16.05957927725588,11.796578295373667,837,3,5,1,0
148.51216794146845,89.00088469187419,81.3437267720777,4663,6,8,0,1
88.01776746210332,12.042115777755194,29.927162533567753,730,4,6,0,1
112.46878380625276,104.67842810636891,130.04299898942313,3524,6,10,0,1
156.7515162130197,67.7579957904527,140.89307698692815,1765,8,10,1,0
51.38978163401286,105.68073307319233,118.80408741223316,1969,2,6,1,0
94.13652618726094,31.875492679925326,25.209387188078832,4365,1,3,1,0
136.2736843623376,155.80623944600424,170.86721722674457,1473,2,5,0,1
88.44297379255295,62.863382637442555,4.098943329881877,4365,4,8,1,0
21.46033452396902,34.131201108296715,17.595438732920837,769,2,5,1,0
82.4232558409373,85.56433912841992,140.17347172872786,1019,8,12,1,0
147.3821064971465,18.030982216199238,90.48799650433163,1988,7,12,0,1
88.01776746210332,129.42868194077164,254.5351653592661,4300,2,3,0,1
73.01222284634908,60.692528883616134,84.00477170944214,4138,1,4,1,0
84.46539393820179,101.31228764851888,38.37502834309513,482,9,14,0,1
75.8779116848018,95.18508116404216,4.5386459746320424,2848,5,8,1,0
60.34963444205156,115.50660133361818,56.44646932681401,2116,1,6,0,1
88.01776746210332,73.21777323983649,129.33821450569667,767,6,8,1,0
88.01776746210332,23.946404457092285,5.715874019248683,1386,6,11,0,1
33.195777743458166,55.75638135196641,20.42770164407557,2320,10,15,1,0
88.01776746210332,174.55673217773438,181.12752214074135,1300,4,8,1,0
168.03119815983032,191.6754961013794,69.82582307440073,2051,0,3,1,0
88.01776746210332,179.2237917582194,154.24941422679694,4564,4,9,0,1
119.97360595851205,53.73218456904093,34.85316435496013,911,5,10,1,0
81.65168695268221,134.68567927678427,119.23348150060824,3223,2,7,1,0
127.2446471877629,19.27913298762481,26.231785118579865,964,1,5,0,1
52.428493642946705,36.67495750123635,20.90533273682619,2005,6,10,0,1
116.58501049193244,59.76996173267253,25.840161067511264,723,7,12,1,0
93.87466828144775,92.52749391889665,125.20622546435334,190,2,5,1,0
88.01776746210332,98.2485068088863,111.83303613312698,2435,4,7,0,1
88.01776746210332,155.19137969337558,143.93499135427797,2713,4,9,1,0
70.82130966615902,161.53589288393655,136.63973310467554,3135,1,4,1,0
62.22581802691517,145.6020951271057,42.30477465316653,116,1,6,0,1
79.14912601312001,37.25279172261556,59.760116388982475,2831,1,6,1,0
88.01776746210332,6.088590621948241,105.60503160292379,691,3,6,1,0
29.87691103092705,64.25600983396484,94.36953616899093,7,3,7,1,0
102.1784355310956,81.30974570910136,141.85743780496222,4385,5,8,1,0
76.29809070203919,39.0789270401001,18.079947793921747,1054,4,5,1,0
83.3769198875719,26.656319860436877,139.83575739063477,22,10,18,1,0
148.71439238389334,87.6952518192411,18.07981381813685,2146,4,7,1,0
163.77378232282354,165.1275634765625,73.22678963343303,4909,2,6,1,0
88.01776746210332,67.9596535206656,89.37858868957846,1817,0,2,0,1
88.01776746210332,245.19071578979492,245.19071578979492,665,3,7,0,1
129.01343703269958,51.862382888793945,60.64886351426443,4272,8,13,1,0
130.06219665209454,80.44227759043376,103.92254546653324,1988,6,10,1,0
73.55962326061369,150.11096114758402,82.97640060385069,3037,6,10,0,1
147.8003760877376,82.27667527971789,118.8637656669016,2632,0,0,1,0
69.62301312984589,177.47003237406412,118.67800246497306,1969,2,5,1,0
134.86769795417786,205.06698834590983,164.1907912722066,4426,4,7,1,0
92.01476104014243,66.61782264709473,111.31685976482306,4418,4,8,1,0
60.30552019171106,4.549164092168212,97.32504693044272,1635,2,5,0,1
60.42512694136045,69.72567240397136,138.2237672509897,1305,3,5,0,1
88.01776746210332,1.5570640563964844,107.86126770447784,688,9,13,0,1
88.01776746210332,162.17757457731446,29.936654243889887,832,0,5,1,0
59.55581082865441,185.1806640625,116.56784514586131,1448,3,6,1,0
88.01776746210332,109.51426690832402,65.82204103469849,1360,0,2,0,1
63.21850235884388,20.09925726694443,22.815272087852158,3245,15,20,0,1
110.07967591285706,193.30209096272785,80.05228813938932,912,4,9,0,1
63.2183542707935,17.20600311624973,51.36071095863978,3699,2,5,1,0
95.90000174260543,129.0433088938395,53.06433738830189,16,9,14,1,0
46.60452728664192,26.77179972330729,22.597629587592866,2749,7,12,1,0
30.248352267274946,48.72938791910807,70.22761702537537,1168,3,6,1,0
95.32305349906285,113.21073275515423,123.96847997733857,627,5,8,0,1
73.77549827021235,36.32165182789322,1.611187098630277,1174,6,8,1,0
88.01776746210332,50.25841833315402,103.67330459484947,190,2,5,1,0
57.37831501355686,170.89211146036783,121.40885449965329,4490,4,7,1,0
51.13091710906398,30.0532711960841,29.686485875330014,1169,4,7,1,0
69.64008768360752,134.6435961740402,131.1480223434046,2756,5,10,0,1
47.61583010355632,162.1164303137145,66.7712524314993,4301,11,15,0,1
49.0374778106343,121.26685778299968,139.73625520787513,5000,6,8,1,0
102.88462215103209,8.69790449772457,54.594266699011015,3319,2,7,0,1
88.01776746210332,16.46567980448405,71.97681450828289,3355,5,10,0,1
61.35157446066538,93.32892100016275,16.371341422200203,434,7,12,0,1
88.01776746210332,82.57999315149695,39.535839521219415,3602,0,3,0,1
178.5087863604228,9.415980293609513,109.65398230085461,1988,7,12,1,0
101.71455542246501,103.98672565546198,127.62633093734621,5019,5,10,1,0
90.09155784806353,259.2267354329427,67.28416408101718,3619,2,7,1,0
68.31888199376408,176.51648896280676,122.68913050890357,3828,5,8,0,1
92.95366016594926,3.0239876039559017,56.491494451377854,4480,8,12,1,0
23.74931447557174,74.56550598144531,85.93828284259266,1806,0,1,0,1
2.6321099217360215,170.2116250991821,38.74993322485049,4272,3,8,1,0
108.95771276967328,166.08247756958005,118.35980868102827,2609,2,3,0,1
88.01776746210332,147.26759592692056,37.985748777282424,3592,12,18,0,1
99.28461714104438,102.54603226979573,40.81966699110732,4956,6,11,0,1
90.36500453948975,10.516691207885744,56.90431594848633,4541,4,6,0,1
88.01776746210332,94.32513589126756,11.02569571036535,3092,5,10,0,1
88.01776746210332,28.687691688537598,63.13617800769862,2569,1,3,1,0
63.7038546303908,172.832582394282,29.589101328141016,3612,8,12,0,1
70.65241237481436,152.75653701410192,199.49942509798956,4049,5,10,1,0
99.81155395507812,39.01428692430879,73.1645329404273,2577,10,20,1,0
81.49573130261463,114.11874564752603,177.29742770219065,4248,7,10,0,1
43.469669571398605,85.895413966864,52.44055191675822,1969,5,8,1,0
88.01776746210332,109.08027771123064,127.8138521593064,190,3,6,1,0
52.80600495364827,23.03947699595786,30.149577558040622,3736,9,14,1,0
96.15169434788791,23.16945294539134,73.9924960990417,3649,7,10,1,0
77.49090194702148,73.1007734934489,79.1809183137957,4360,10,18,1,0
135.3348394234975,109.86926555633545,88.19445768992107,1851,8,12,0,1
23.718666279455647,84.30172602335611,138.2122981015224,1096,4,6,1,0
44.17069982834316,21.4120234256067,28.293118346482515,3679,1,6,0,1
108.11898942144278,35.09394265323256,88.5839257745829,4633,3,6,1,0
35.42272746223413,,5.172052548732608,1013,7,12,1,0
88.01776746210332,5.420313814344506,119.96647065097932,305,6,10,1,0
88.01776746210332,50.64566135406495,126.94247563680013,795,2,5,0,1
1.4651104975200724,102.87790824562155,46.85431197673703,3275,3,8,1,0
118.25119256973265,,62.21544510202269,190,2,5,0,1
106.44051548879361,9.95347777303929,48.938272798356294,9,15,20,0,1
25.244715470277395,132.90903455830025,121.68243610164305,291,2,7,0,1
88.01776746210332,115.58736364046732,115.94593908109043,4316,4,7,1,0
121.64882692389558,259.2267354329427,190.6615636049537,1622,2,5,0,1
105.57462933211353,77.44465821336537,86.96622384886723,358,5,8,0,1
71.14473183949788,92.87601446267217,110.27758518854777,1365,0,5,1,0
123.25392779021058,43.39942932128906,102.06174191553146,1001,2,6,1,0
62.36569037040075,81.4639409383138,59.37619533845767,837,4,6,0,1
16.929492633789778,116.97594324747722,8.518116544776907,1013,3,5,0,1
75.17866416989516,2.2370219089983343,124.93841103496378,2479,4,8,1,0
88.01776746210332,81.64346654472563,197.63305955275428,1899,1,3,0,1
120.260156194369,107.66678858732728,98.84570579961292,3838,2,6,1,0
34.25681602093391,37.633482530751884,26.905374962370843,988,11,16,1,0
77.70099657354876,17.704627911249798,80.3361660548641,2520,2,3,1,0
149.99069156474434,272.6923624674479,71.26556489577827,118,3,6,1,0
50.22281364072114,109.43405230840047,99.1394159325864,3369,6,9,1,0
115.98524848620097,150.7090315251844,118.13063143781619,2040,10,18,0,1
139.89545062552983,92.28845834732056,84.64886844158171,930,8,13,0,1
44.49007858614399,1.7112096150716145,34.59413266876557,1069,8,12,1,0
79.52471176783243,70.50253355264431,51.751508714490534,2914,10,17,0,1
158.20577884151132,81.12965369703791,56.126179794470474,1988,1,6,0,1
64.52816882811021,51.35282653791364,87.13938469203033,2922,2,6,1,0
76.60832775679106,20.52242367644794,58.78183975000866,3200,3,7,0,1
60.652948361530434,126.6761302947998,203.0525465806325,3594,4,8,1,0
62.489267687002815,254.67305336302766,191.75301589893934,1988,1,3,0,1
20.05678613980611,43.347125260819055,1.0267277558644612,1969,3,6,1,0
93.5930828253428,92.94380673363776,109.33209125262995,4979,7,12,1,0
95.61867461695026,1.5215544454501164,132.03537822701037,3510,1,5,1,0
87.42759972810744,74.30503065940381,30.418092688584387,2159,10,15,1,0
88.01776746210332,38.06757278895627,101.65392727358267,2756,3,5,0,1
43.68882179260253,239.08926645914715,85.16197995510689,3919,1,6,0,1
86.37122750636384,7.263851165771484,112.11809556698427,4822,12,15,1,0
26.288111576529143,61.811820665995285,80.81305963884611,4845,4,9,1,0
109.91065838024952,162.55054473876953,13.836935229877174,4365,2,5,1,0
88.01776746210332,42.765045166015625,55.69256186718121,2868,20,22,1,0
97.66609629926582,166.64903472604541,101.09993110284753,1305,4,6,1,0
31.910939585941378,20.277955897230033,31.22688343889119,1063,2,4,1,0
88.01776746210332,25.934855445909,1.383352279663086,40,5,10,0,1
88.01776746210332,71.35497370278851,75.20390988017122,1153,0,5,0,1
33.610739161000915,35.58026474008026,54.585437197238214,1210,10,15,0,1
88.01776746210332,28.61797014872233,6.724315311536581,4689,0,2,1,0
142.92442003885904,144.13688481533123,71.99833099536288,3004,5,10,1,0
105.17005158011064,25.29913584391276,111.4979604880015,3518,0,1,1,0
116.94902713497868,39.391836734769946,104.01578083401546,3793,1,4,0,1
88.01776746210332,44.79269745097554,114.00534311930338,1932,0,5,1,0
57.252449790636696,64.32970881093449,43.02275230487188,114,3,5,1,0
67.69648825090069,40.80789883931478,229.35378656863276,2016,8,13,1,0
33.69421914103441,13.289800548227502,29.559746757877292,3048,4,5,0,1
85.1657062404532,129.41927512486777,56.922393468751885,1512,6,11,1,0
95.57362118115027,175.6019712483976,168.92873908315474,2723,3,8,1,0
93.53972673416138,125.16644450442982,98.66568292491138,3055,0,4,1,0
49.809292070798016,42.7154779434204,18.669486706494354,1210,6,11,0,1
88.01776746210332,31.599277960776814,78.99862928121972,4697,5,10,0,1
88.01776746210332,154.93160680804672,12.422450383504232,3910,10,15,0,1
102.3996473771452,163.53095825082465,163.1726129996423,3274,7,12,1,0
84.6250595835348,64.72366978850914,132.47980376084647,2035,0,0,0,1
92.63526697953542,75.24177233378093,102.47939291487758,458,8,13,0,1
82.39377326584265,38.03757031758626,0.09888343823452792,860,3,8,1,0
88.01776746210332,105.45822804172835,130.14567717909813,3044,14,24,0,1
2.2021469369065017,71.73844973246257,97.50605349690886,300,0,3,1,0
68.13775253637382,11.607861518859862,64.43418569979258,1548,4,7,1,0
83.49794290067318,259.2267354329427,70.10702145853429,3319,5,8,0,1
17.741666191917226,3.883603698341176,36.405553800674774,4818,7,12,1,0
68.28010058112946,33.30526351928711,7.456181565430597,2799,1,4,1,0
44.35262342588733,51.862382888793945,101.24660726820971,927,4,9,1,0
81.65729739678984,15.03596305847168,56.23610019683838,3847,5,10,1,0
30.539480845133465,25.308886947944604,93.17365016128558,3929,1,6,0,1
93.9221013773931,94.91412669643371,148.4799057827331,2750,1,4,1,0
52.02662808199724,19.553701082865395,28.088246900006197,439,8,12,0,1
88.01776746210332,7.004313304302438,54.80159110738896,1631,0,2,1,0
55.252192417780556,63.770527996045224,91.60025978017075,3213,1,3,1,0
88.01776746210332,79.13064360618591,81.92945447323534,982,6,9,1,0
114.40875062253325,31.451531251271565,77.83258167037275,993,1,6,1,0
115.75589296699036,194.4827764789807,99.96490288855664,847,4,7,1,0
87.93328205744426,171.86942626334107,126.54707282781601,1871,7,12,1,0
116.66202799994304,42.1034296353658,149.70900846965378,1198,2,3,0,1
88.01776746210332,239.58180745442706,70.2909270922343,4379,0,1,1,0
53.87684315113195,98.69652128278783,110.03766729263589,3923,5,8,1,0
88.01776746210332,109.08027771123064,127.8138521593064,190,3,6,1,0
82.63716582611475,146.10636432965597,87.63964003107199,4180,5,10,0,1
69.75550469360314,122.01364963839296,120.1905996359225,1054,12,20,1,0
70.1614131743554,29.87804412841797,62.512358029683426,3925,2,6,1,0
88.01776746210332,154.25879557927448,92.58462985356648,3810,0,1,1,0
64.95148365696271,22.148138837656006,49.27896935090151,2416,0,3,0,1
96.74831011798233,27.12380091349284,56.067698430463984,2238,1,3,1,0
87.94812655639058,32.405432065327965,45.45736278996629,4541,7,12,1,0
30.436471104621887,133.2325537999471,122.89320627848308,3263,5,10,1,0
42.66110850342859,19.916852315266926,105.87126110428169,2502,2,6,0,1
22.427590439716973,16.947714851266937,76.5845059164955,1424,0,2,1,0
68.10837373826264,32.04439481099447,54.25137598067522,534,4,6,0,1
88.01776746210332,76.16788347562154,5.50115131579029,1300,6,9,1,0
103.40066389065518,124.05587762332289,152.97829757522172,3713,5,10,0,1
75.83548383360417,30.88058193049316,94.13444548942303,1970,3,6,1,0
45.26511150179431,68.48018964131673,50.54775873819987,3228,1,6,0,1
87.2725281670379,47.43296305338542,101.31460637300431,2008,1,5,1,0
94.7004184126854,79.92986083263531,104.65485718717294,3532,1,4,1,0
47.16458320617675,7.659037907918294,25.469619996874826,4170,3,6,0,1
3.5879721244176226,18.27514966328939,0.7814542962781464,2375,10,12,0,1
108.13682918233098,42.779695987701416,97.36647262228264,1242,0,0,1,0
88.01776746210332,0.34567515055338544,103.44363807234913,191,13,15,1,0
88.01776746210332,1.7112096150716145,35.86724842219458,1844,5,8,1,0
90.94720482826233,3.703604933495323,49.16864012605705,1305,5,10,1,0
142.0248031616211,111.27853393554688,105.32657725852913,4541,5,10,1,0
88.01776746210332,3.856798379032019,37.01000803624387,2738,3,5,1,0
95.92676957448323,81.09387738998825,33.328447619593746,5019,7,8,0,1
42.052178695545685,75.36642551422119,10.491177394578699,1527,10,15,0,1
9.381412208798187,101.9183983580054,14.11725168582052,171,5,9,1,0
33.02020122500835,27.85693323627735,11.95863653520064,4569,7,12,1,0
14.004948735237122,58.088194787463486,94.62317551951855,2629,5,10,0,1
103.76710545194024,14.518188436826069,24.903177043112613,2754,1,6,0,1
132.5833781302208,112.07969784736633,131.95142348607382,3350,10,16,1,0
65.92441399892172,39.7115707397461,114.69822243064603,910,2,6,1,0
65.72035418115168,33.23841776048842,7.943761348724365,4100,7,12,0,1
80.69013173420292,24.397810300191242,69.34709674387705,1969,5,7,0,1
87.60318104020068,7.567024230957031,65.9647243298726,486,6,8,0,1
24.585021038850147,155.59997044280558,54.19442951679229,1885,7,9,1,0
71.08762771337449,153.05834309062143,20.92829947747911,804,6,9,1,0
83.87286909419345,,105.16659526620059,204,1,4,1,0
47.72805162186463,141.5228525797526,83.98986230701364,3319,2,6,1,0
88.01776746210332,105.23456434311811,136.9259328173939,4141,0,5,0,1
156.6919723448033,117.30036359028114,155.950661500295,609,10,15,0,1
88.01776746210332,21.889479955037434,3.021607280728252,4566,10,20,0,1
75.83548383360417,92.61018435160318,68.76496017963898,1969,1,6,0,1
72.70920637771876,55.890627702077225,55.890627702077225,3113,5,8,1,0
72.99271364730278,38.29762613556037,37.71543765857738,1143,7,10,1,0
57.225239401062325,92.5390879313151,101.51224231037001,3068,4,9,0,1
117.71775333266609,141.38519623763082,145.74455261996872,2471,5,10,1,0
52.3553321758906,198.65164116684656,160.82119743029276,3904,2,4,1,0
106.46183998032939,239.58180745442706,103.47921441231544,4774,0,1,0,1
91.09816574370294,178.27986677487692,102.74580290745992,485,2,5,1,0
50.06479422251383,25.821038087209068,94.1943578807089,1526,5,8,1,0
88.01776746210332,60.744094848632805,169.1771149635315,2792,12,15,1,0
88.01776746210332,31.644641610910185,2.346742917628338,2828,2,3,0,1
79.75120332072645,0.37113825480143225,15.234059095382689,910,2,5,1,0
69.05683430377394,120.38071962306276,71.74779307291222,2368,0,3,0,1
98.07159900665283,12.562966346740723,162.59850625841256,16,6,11,1,0
58.294530709584556,74.58627759090935,11.607861518859862,3234,1,6,0,1
102.18519990254815,266.8139139811198,217.14779349034262,191,15,18,1,0
130.5248036980629,199.91852276046606,138.8988508852587,2914,4,9,1,0
88.01776746210332,39.56740697224935,39.56740697224935,4484,1,3,0,1
38.99782426888123,51.55454789831614,108.3879583493399,77,2,7,1,0
109.62661709175639,82.99744745794064,36.881232261657715,1305,3,5,1,0
99.99802013238272,20.260900440916885,34.21850005785624,2536,2,6,1,0
92.2205646832784,82.53445227940878,76.9041527392498,4301,8,10,1,0
88.01776746210332,112.56513053473705,158.95087869284907,671,3,5,1,0
113.70870079457139,100.60114214914695,164.39868276162693,2718,4,6,1,0
88.01776746210332,50.993919372558594,122.19575161579996,3642,3,5,0,1
26.613366266246885,67.83966966468142,11.373307463751795,1730,3,7,1,0
141.56479040781656,154.57251866658527,129.7161705158942,251,2,5,1,0
70.99080880482992,32.31856028238933,20.761223078200903,294,0,1,1,0
80.20877292728983,59.41320589627139,70.86577018102011,2621,18,25,0,1
124.92041449525763,92.19881360962367,134.37913171947002,2773,7,10,0,1
88.01776746210332,27.108067469089292,36.65571819195368,2094,1,5,1,0
88.01776746210332,84.57574858584849,113.27207287152608,269,0,1,1,0
83.60390184764886,12.506959036303062,8.166168994891146,1893,8,13,1,0
82.14490946071844,38.21661614929326,65.43959924116886,3319,9,11,1,0
89.35871666957003,28.897505005200703,33.23030173778534,1353,9,14,0,1
71.22866910940502,83.58535766601562,89.04065111613211,874,3,5,1,0
15.450846586645639,5.660438537597656,55.21311684181758,2829,2,5,0,1
88.01776746210332,38.03757031758626,61.748682731316265,3940,1,4,1,0
62.95307247564779,54.93040944177968,,3498,5,10,1,0
73.30033599379628,55.62521616617838,58.014538274922714,911,5,8,1,0
76.52025348264335,105.11655576895767,12.893799940745035,2365,7,10,1,0
64.22488598812683,49.775989804523604,40.59694130846765,1110,1,6,0,1
10.388254698530847,156.09416166941324,33.770919286568336,779,5,10,0,1
167.9022828737895,48.63758261908515,4.014264425980703,3188,1,6,0,1
116.7014677087233,182.78422807391811,124.3469464605975,1174,8,11,1,0
86.40298544826996,102.25769446115008,29.658565113398556,2036,1,6,1,0
70.6396820062461,11.179716747331744,19.105352958043415,1871,9,14,1,0
42.25305767322425,132.6008160909017,190.38617989087166,4272,5,10,0,1
65.17418225606282,250.76700846354169,85.27950114803389,1727,4,7,1,0
80.70061852534612,107.27574030558267,131.54552777608237,4384,7,12,0,1
28.340373436609905,53.82115046183268,74.22735686923261,173,3,6,0,1
97.67831637873314,41.7327880859375,195.1249023278554,838,1,3,0,1
88.01776746210332,82.09246794382732,133.60499159510556,2245,12,18,1,0
88.01776746210332,4.176096121470134,63.529960314432785,4966,0,3,0,1
101.77663742166867,59.2529296875,107.27088244141972,4272,8,13,1,0
75.1707191268603,50.71492255083285,83.75420011774015,1793,1,3,0,1
62.50752409299214,93.30629197890327,102.5377263489645,1349,2,5,1,0
